1;0,03;0
1,5;0,25;0
2;0,47;0
2,5;0,69;0
3;0,91;0
3,5;1,13;0
4;1,35;0
4,5;1,57;0
5;1,79;0
5,5;2,01;0
6;2,23;0
6,5;2,45;0
7;2,67;0
7,5;2,89;0
8;3,11;0
8,5;3,33;0
9;3,55;0
9,5;3,77;0
10;3,99;0
10,5;4,21;0
11;4,43;0
11,5;4,65;0
12;4,87;0
12,5;5,09;0
13;5,31;0
13,5;5,53;0
14;5,75;0
14,5;5,97;0
15;6,19;0
15,5;6,41;0
16;6,63;0
16,5;6,85;0
17;7,07;0
17,5;7,29;0
18;7,51;0
18,5;7,73;0
19;7,95;0
19,5;8,17;0
20;8,39;0
20,5;8,61;0
21;8,83;0
21,5;9,05;0
22;9,27;0
22,5;9,49;0
23;9,71;0
23,5;9,93;0
24;10,15;0
24,5;10,37;0
25;10,59;0
25,5;10,81;0
26;11,03;0
26,5;11,25;0
27;11,47;0
27,5;11,69;0
28;11,91;0
28,5;12,13;0
29;12,35;0
29,5;12,57;0
30;12,79;0
30,5;13,01;0
31;13,23;0
31,5;13,45;0
32;13,67;0
32,5;13,89;0
33;14,11;0
33,5;14,33;0
34;14,55;0
34,5;14,77;0
35;14,99;0
35,5;15,21;0
36;15,43;0
36,5;15,65;0
37;15,87;0
37,5;16,09;0
38;16,31;0
38,5;16,53;0
39;16,75;0
39,5;16,97;0
40;17,19;0
40,5;17,41;0
41;17,63;0
41,5;17,85;0
42;18,07;0
42,5;18,29;0
43;18,51;0
43,5;18,73;0
44;18,95;0
44,5;19,17;0
45;19,39;0
45,5;19,61;0
46;19,83;0
46,5;20,05;0
47;20,27;0
47,5;20,49;0
48;20,71;0
48,5;20,93;0
49;21,15;0
49,5;21,37;0
50;21,59;0
50,5;21,81;0
51;22,03;0
51,5;22,25;0
52;22,47;0
52,5;22,69;0
53;22,91;0
53,5;23,13;0
54;23,35;0
54,5;23,57;0
55;23,79;0
55,5;24,01;0
56;24,23;0
56,5;24,45;0
57;24,67;0
57,5;24,89;0
58;25,11;0
58,5;25,33;0
59;25,55;0
59,5;25,77;0
60;25,99;0
60,5;26,21;0
61;26,43;0
61,5;26,65;0
62;26,87;0
62,5;27,09;0
63;27,31;0
63,5;27,53;0
64;27,75;0
64,5;27,97;0
65;28,19;0
65,5;28,41;0
66;28,63;0
66,5;28,85;0
67;29,07;0
67,5;29,29;0
68;29,51;0
68,5;29,73;0
69;29,95;0
69,5;30,17;0
70;30,39;0
70,5;30,61;0
71;30,83;0
71,5;31,05;0
72;31,27;0
72,5;31,49;0
73;31,71;0
73,5;31,93;0
74;32,15;0
74,5;32,37;0
75;32,59;0
75,5;32,81;0
76;33,03;0
76,5;33,25;0
77;33,47;0
77,5;33,69;0
78;33,91;0
78,5;34,13;0
79;34,35;0
79,5;34,57;0
80;34,79;0
80,5;35,01;0
81;35,23;0
81,5;35,45;0
82;35,67;0
82,5;35,89;0
83;36,11;0
83,5;36,33;0
84;36,55;0
84,5;36,77;0
85;36,99;0
85,5;37,21;0
86;37,43;0
86,5;37,65;0
87;37,87;0
87,5;38,09;0
88;38,31;0
88,5;38,53;0
89;38,75;0
89,5;38,97;0
90;39,19;0
90,5;39,41;0
91;39,63;0
91,5;39,85;0
92;40,07;0
92,5;40,29;0
93;40,51;0
93,5;40,73;0
94;40,95;0
94,5;41,17;0
95;41,39;0
95,5;41,61;0
96;41,83;0
96,5;42,05;0
97;42,27;0
97,5;42,49;0
98;42,71;0
98,5;42,93;0
99;43,15;0
99,5;43,37;0
100;43,59;0
100,5;43,81;0
101;44,03;0
101,5;44,25;0
102;44,47;0
102,5;44,69;0
103;44,91;0
103,5;45,13;0
104;45,35;0
104,5;45,57;0
105;45,79;0
105,5;46,01;0
106;46,23;0
106,5;46,45;0
107;46,67;0
107,5;46,89;0
108;47,11;0
108,5;47,33;0
109;47,55;0
109,5;47,77;0
110;47,99;0
110,5;48,21;0
111;48,43;0
111,5;48,65;0
112;48,87;0
112,5;49,09;0
113;49,31;0
113,5;49,53;0
114;49,75;0
114,5;49,97;0
115;50,19;0
115,5;50,41;0
116;50,63;0
116,5;50,85;0
117;51,07;0
117,5;51,29;0
118;51,51;0
118,5;51,73;0
119;51,95;0
119,5;52,17;0
120;52,39;0
120,5;52,61;0
121;52,83;0
121,5;53,05;0
122;53,27;0
122,5;53,49;0
123;53,71;0
123,5;53,93;0
124;54,15;0
124,5;54,37;0
125;54,59;0
125,5;54,81;0
126;55,03;0
126,5;55,25;0
127;55,47;0
127,5;55,69;0
128;55,91;0
128,5;56,13;0
129;56,35;0
129,5;56,57;0
130;56,79;0
130,5;57,01;0
131;57,23;0
131,5;57,45;0
132;57,67;0
132,5;57,89;0
133;58,11;0
133,5;58,33;0
134;58,55;0
134,5;58,77;0
135;58,99;0
135,5;59,21;0
136;59,43;0
136,5;59,65;0
137;59,87;0
137,5;60,09;0
138;60,31;0
138,5;60,53;0
139;60,75;0
139,5;60,97;0
140;61,19;0
140,5;61,41;0
141;61,63;0
141,5;61,85;0
142;62,07;0
142,5;62,29;0
143;62,51;0
143,5;62,73;0
144;62,95;0
144,5;63,17;0
145;63,39;0
145,5;63,61;0
146;63,83;0
146,5;64,05;0
147;64,27;0
147,5;64,49;0
148;64,71;0
148,5;64,93;0
149;65,15;0
149,5;65,37;0
150;65,59;0
150,5;65,81;0
151;66,03;0
151,5;66,25;0
152;66,47;0
152,5;66,69;0
153;66,91;0
153,5;67,13;0
154;67,35;0
154,5;67,57;0
155;67,79;0
155,5;68,01;0
156;68,23;0
156,5;68,45;0
157;68,67;0
157,5;68,89;0
158;69,11;0
158,5;69,33;0
159;69,55;0
159,5;69,77;0
160;69,99;0
160,5;70,21;0
161;70,43;0
161,5;70,65;0
162;70,87;0
162,5;71,09;0
163;71,31;0
163,5;71,53;0
164;71,75;0
164,5;71,97;0
165;72,19;0
165,5;72,41;0
166;72,63;0
166,5;72,85;0
167;73,07;0
167,5;73,29;0
168;73,51;0
168,5;73,73;0
169;73,95;0
169,5;74,17;0
170;74,39;0
170,5;74,61;0
171;74,83;0
171,5;75,05;0
172;75,27;0
172,5;75,49;0
173;75,71;0
173,5;75,93;0
174;76,15;0
174,5;76,37;0
175;76,59;0
175,5;76,81;0
176;77,03;0
176,5;77,25;0
177;77,47;0
177,5;77,69;0
178;77,91;0
178,5;78,13;0
179;78,35;0
179,5;78,57;0
180;78,79;0
180,5;79,01;0
181;79,23;0
181,5;79,45;0
182;79,67;0
182,5;79,89;0
183;80,11;0
183,5;80,33;0
184;80,55;0
184,5;80,77;0
185;80,99;0
185,5;81,21;0
186;81,43;0
186,5;81,65;0
187;81,87;0
187,5;82,09;0
188;82,31;0
188,5;82,53;0
189;82,75;0
189,5;82,97;0
190;83,19;0
190,5;83,41;0
191;83,63;0
191,5;83,85;0
192;84,07;0
192,5;84,29;0
193;84,51;0
193,5;84,73;0
194;84,95;0
194,5;85,17;0
195;85,39;0
195,5;85,61;0
196;85,83;0
196,5;86,05;0
197;86,27;0
197,5;86,49;0
198;86,71;0
198,5;86,93;0
199;87,15;0
199,5;87,37;0
200;87,59;0
200,5;87,81;0
201;88,03;0
201,5;88,25;0
202;88,47;0
202,5;88,69;0
203;88,91;0
203,5;89,13;0
204;89,35;0
204,5;89,57;0
205;89,79;0
205,5;90,01;0
206;90,23;0
206,5;90,45;0
207;90,67;0
207,5;90,89;0
208;91,11;0
208,5;91,33;0
209;91,55;0
209,5;91,77;0
210;91,99;0
210,5;92,21;0
211;92,43;0
211,5;92,65;0
212;92,87;0
212,5;93,09;0
213;93,31;0
213,5;93,53;0
214;93,75;0
214,5;93,97;0
215;94,19;0
215,5;94,41;0
216;94,63;0
216,5;94,85;0
217;95,07;0
217,5;95,29;0
218;95,51;0
218,5;95,73;0
219;95,95;0
219,5;96,17;0
220;96,39;0
220,5;96,61;0
221;96,83;0
221,5;97,05;0
222;97,27;0
222,5;97,49;0
223;97,71;0
223,5;97,93;0
224;98,15;0
224,5;98,37;0
225;98,59;0
225,5;98,81;0
226;99,03;0
226,5;99,25;0
227;99,47;0
227,5;99,69;0
228;99,91;0
228,5;100,13;0
229;100,35;0
229,5;100,57;0
230;100,79;0
230,5;101,01;0
231;101,23;0
231,5;101,45;0
232;101,67;0
232,5;101,89;0
233;102,11;0
233,5;102,33;0
234;102,55;0
234,5;102,77;0
235;102,99;0
235,5;103,21;0
236;103,43;0
236,5;103,65;0
237;103,87;0
237,5;104,09;0
238;104,31;0
238,5;104,53;0
239;104,75;0
239,5;104,97;0
240;105,19;0
240,5;105,41;0
241;105,63;0
241,5;105,85;0
242;106,07;0
242,5;106,29;0
243;106,51;0
243,5;106,73;0
244;106,95;0
244,5;107,17;0
245;107,39;0
245,5;107,61;0
246;107,83;0
246,5;108,05;0
247;108,27;0
247,5;108,49;0
248;108,71;0
248,5;108,93;0
249;109,15;0
249,5;109,37;0
250;109,59;0
250,5;109,81;0
251;110,03;1
251,5;110,25;1
252;110,47;1
252,5;110,69;1
253;110,91;1
253,5;111,13;1
254;111,35;1
254,5;111,57;1
255;111,79;1
255,5;112,01;1
256;112,23;1
256,5;112,45;1
257;112,67;1
257,5;112,89;1
258;113,11;1
258,5;113,33;1
259;113,55;1
259,5;113,77;1
260;113,99;1
260,5;114,21;1
261;114,43;1
261,5;114,65;1
262;114,87;1
262,5;115,09;1
263;115,31;1
263,5;115,53;1
264;115,75;1
264,5;115,97;1
265;116,19;1
265,5;116,41;1
266;116,63;1
266,5;116,85;1
267;117,07;1
267,5;117,29;1
268;117,51;1
268,5;117,73;1
269;117,95;1
269,5;118,17;1
270;118,39;1
270,5;118,61;1
271;118,83;1
271,5;119,05;1
272;119,27;1
272,5;119,49;1
273;119,71;1
273,5;119,93;1
274;120,15;1
274,5;120,37;1
275;120,59;1
275,5;120,81;1
276;121,03;1
276,5;121,25;1
277;121,47;1
277,5;121,69;1
278;121,91;1
278,5;122,13;1
279;122,35;1
279,5;122,57;1
280;122,79;1
280,5;123,01;1
281;123,23;1
281,5;123,45;1
282;123,67;1
282,5;123,89;1
283;124,11;1
283,5;124,33;1
284;124,55;1
284,5;124,77;1
285;124,99;1
285,5;125,21;1
286;125,43;1
286,5;125,65;1
287;125,87;1
287,5;126,09;1
288;126,31;1
288,5;126,53;1
289;126,75;1
289,5;126,97;1
290;127,19;1
290,5;127,41;1
291;127,63;1
291,5;127,85;1
292;128,07;1
292,5;128,29;1
293;128,51;1
293,5;128,73;1
294;128,95;1
294,5;129,17;1
295;129,39;1
295,5;129,61;1
296;129,83;1
296,5;130,05;1
297;130,27;1
297,5;130,49;1
298;130,71;1
298,5;130,93;1
299;131,15;1
299,5;131,37;1
300;131,59;1
300,5;131,81;1
301;132,03;1
301,5;132,25;1
302;132,47;1
302,5;132,69;1
303;132,91;1
303,5;133,13;1
304;133,35;1
304,5;133,57;1
305;133,79;1
305,5;134,01;1
306;134,23;1
306,5;134,45;1
307;134,67;1
307,5;134,89;1
308;135,11;1
308,5;135,33;1
309;135,55;1
309,5;135,77;1
310;135,99;1
310,5;136,21;1
311;136,43;1
311,5;136,65;1
312;136,87;1
312,5;137,09;1
313;137,31;1
313,5;137,53;1
314;137,75;1
314,5;137,97;1
315;138,19;1
315,5;138,41;1
316;138,63;1
316,5;138,85;1
317;139,07;1
317,5;139,29;1
318;139,51;1
318,5;139,73;1
319;139,95;1
319,5;140,17;1
320;140,39;1
320,5;140,61;1
321;140,83;1
321,5;141,05;1
322;141,27;1
322,5;141,49;1
323;141,71;1
323,5;141,93;1
324;142,15;1
324,5;142,37;1
325;142,59;1
325,5;142,81;1
326;143,03;1
326,5;143,25;1
327;143,47;1
327,5;143,69;1
328;143,91;1
328,5;144,13;1
329;144,35;1
329,5;144,57;1
330;144,79;1
330,5;145,01;1
331;145,23;1
331,5;145,45;1
332;145,67;1
332,5;145,89;1
333;146,11;1
333,5;146,33;1
334;146,55;1
334,5;146,77;1
335;146,99;1
335,5;147,21;1
336;147,43;1
336,5;147,65;1
337;147,87;1
337,5;148,09;1
338;148,31;1
338,5;148,53;1
339;148,75;1
339,5;148,97;1
340;149,19;1
340,5;149,41;1
341;149,63;1
341,5;149,85;1
342;150,07;1
342,5;150,29;1
343;150,51;1
343,5;150,73;1
344;150,95;1
344,5;151,17;1
345;151,39;1
345,5;151,61;1
346;151,83;1
346,5;152,05;1
347;152,27;1
347,5;152,49;1
348;152,71;1
348,5;152,93;1
349;153,15;1
349,5;153,37;1
350;153,59;1
350,5;153,81;1
351;154,03;1
351,5;154,25;1
352;154,47;1
352,5;154,69;1
353;154,91;1
353,5;155,13;1
354;155,35;1
354,5;155,57;1
355;155,79;1
355,5;156,01;1
356;156,23;1
356,5;156,45;1
357;156,67;1
357,5;156,89;1
358;157,11;1
358,5;157,33;1
359;157,55;1
359,5;157,77;1
360;157,99;1
360,5;158,21;1
361;158,43;1
361,5;158,65;1
362;158,87;1
362,5;159,09;1
363;159,31;1
363,5;159,53;1
364;159,75;1
364,5;159,97;1
365;160,19;1
365,5;160,41;1
366;160,63;1
366,5;160,85;1
367;161,07;1
367,5;161,29;1
368;161,51;1
368,5;161,73;1
369;161,95;1
369,5;162,17;1
370;162,39;1
370,5;162,61;1
371;162,83;1
371,5;163,05;1
372;163,27;1
372,5;163,49;1
373;163,71;1
373,5;163,93;1
374;164,15;1
374,5;164,37;1
375;164,59;1
375,5;164,81;1
376;165,03;1
376,5;165,25;1
377;165,47;1
377,5;165,69;1
378;165,91;1
378,5;166,13;1
379;166,35;1
379,5;166,57;1
380;166,79;1
380,5;167,01;1
381;167,23;1
381,5;167,45;1
382;167,67;1
382,5;167,89;1
383;168,11;1
383,5;168,33;1
384;168,55;1
384,5;168,77;1
385;168,99;1
385,5;169,21;1
386;169,43;1
386,5;169,65;1
387;169,87;1
387,5;170,09;1
388;170,31;1
388,5;170,53;1
389;170,75;1
389,5;170,97;1
390;171,19;1
390,5;171,41;1
391;171,63;1
391,5;171,85;1
392;172,07;1
392,5;172,29;1
393;172,51;1
393,5;172,73;1
394;172,95;1
394,5;173,17;1
395;173,39;1
395,5;173,61;1
396;173,83;1
396,5;174,05;1
397;174,27;1
397,5;174,49;1
398;174,71;1
398,5;174,93;1
399;175,15;1
399,5;175,37;1
400;175,59;1
400,5;175,81;1
401;176,03;1
401,5;176,25;1
402;176,47;1
402,5;176,69;1
403;176,91;1
403,5;177,13;1
404;177,35;1
404,5;177,57;1
405;177,79;1
405,5;178,01;1
406;178,23;1
406,5;178,45;1
407;178,67;1
407,5;178,89;1
408;179,11;1
408,5;179,33;1
409;179,55;1
409,5;179,77;1
410;179,99;1
410,5;180,21;1
411;180,43;1
411,5;180,65;1
412;180,87;1
412,5;181,09;1
413;181,31;1
413,5;181,53;1
414;181,75;1
414,5;181,97;1
415;182,19;1
415,5;182,41;1
416;182,63;1
416,5;182,85;1
417;183,07;1
417,5;183,29;1
418;183,51;1
418,5;183,73;1
419;183,95;1
419,5;184,17;1
420;184,39;1
420,5;184,61;1
421;184,83;1
421,5;185,05;1
422;185,27;1
422,5;185,49;1
423;185,71;1
423,5;185,93;1
424;186,15;1
424,5;186,37;1
425;186,59;1
425,5;186,81;1
426;187,03;1
426,5;187,25;1
427;187,47;1
427,5;187,69;1
428;187,91;1
428,5;188,13;1
429;188,35;1
429,5;188,57;1
430;188,79;1
430,5;189,01;1
431;189,23;1
431,5;189,45;1
432;189,67;1
432,5;189,89;1
433;190,11;1
433,5;190,33;1
434;190,55;1
434,5;190,77;1
435;190,99;1
435,5;191,21;1
436;191,43;1
436,5;191,65;1
437;191,87;1
437,5;192,09;1
438;192,31;1
438,5;192,53;1
439;192,75;1
439,5;192,97;1
440;193,19;1
440,5;193,41;1
441;193,63;1
441,5;193,85;1
442;194,07;1
442,5;194,29;1
443;194,51;1
443,5;194,73;1
444;194,95;1
444,5;195,17;1
445;195,39;1
445,5;195,61;1
446;195,83;1
446,5;196,05;1
447;196,27;1
447,5;196,49;1
448;196,71;1
448,5;196,93;1
449;197,15;1
449,5;197,37;1
450;197,59;1
450,5;197,81;1
451;198,03;1
451,5;198,25;1
452;198,47;1
452,5;198,69;1
453;198,91;1
453,5;199,13;1
454;199,35;1
454,5;199,57;1
455;199,79;1
455,5;200,01;1
456;200,23;1
456,5;200,45;1
457;200,67;1
457,5;200,89;1
458;201,11;1
458,5;201,33;1
459;201,55;1
459,5;201,77;1
460;201,99;1
460,5;202,21;1
461;202,43;1
461,5;202,65;1
462;202,87;1
462,5;203,09;1
463;203,31;1
463,5;203,53;1
464;203,75;1
464,5;203,97;1
465;204,19;1
465,5;204,41;1
466;204,63;1
466,5;204,85;1
467;205,07;1
467,5;205,29;1
468;205,51;1
468,5;205,73;1
469;205,95;1
469,5;206,17;1
470;206,39;1
470,5;206,61;1
471;206,83;1
471,5;207,05;1
472;207,27;1
472,5;207,49;1
473;207,71;1
473,5;207,93;1
474;208,15;1
474,5;208,37;1
475;208,59;1
475,5;208,81;1
476;209,03;1
476,5;209,25;1
477;209,47;1
477,5;209,69;1
478;209,91;1
478,5;210,13;1
479;210,35;1
479,5;210,57;1
480;210,79;1
480,5;211,01;1
481;211,23;1
481,5;211,45;1
482;211,67;1
482,5;211,89;1
483;212,11;1
483,5;212,33;1
484;212,55;1
484,5;212,77;1
485;212,99;1
485,5;213,21;1
486;213,43;1
486,5;213,65;1
487;213,87;1
487,5;214,09;1
488;214,31;1
488,5;214,53;1
489;214,75;1
489,5;214,97;1
490;215,19;1
490,5;215,41;1
491;215,63;1
491,5;215,85;1
492;216,07;1
492,5;216,29;1
493;216,51;1
493,5;216,73;1
494;216,95;1
494,5;217,17;1
495;217,39;1
495,5;217,61;1
496;217,83;1
496,5;218,05;1
497;218,27;1
497,5;218,49;1
498;218,71;1
498,5;218,93;1
499;219,15;1
499,5;219,37;1
500;219,59;1
500,5;219,81;1
501;220,03;2
501,5;220,25;2
502;220,47;2
502,5;220,69;2
503;220,91;2
503,5;221,13;2
504;221,35;2
504,5;221,57;2
505;221,79;2
505,5;222,01;2
506;222,23;2
506,5;222,45;2
507;222,67;2
507,5;222,89;2
508;223,11;2
508,5;223,33;2
509;223,55;2
509,5;223,77;2
510;223,99;2
510,5;224,21;2
511;224,43;2
511,5;224,65;2
512;224,87;2
512,5;225,09;2
513;225,31;2
513,5;225,53;2
514;225,75;2
514,5;225,97;2
515;226,19;2
515,5;226,41;2
516;226,63;2
516,5;226,85;2
517;227,07;2
517,5;227,29;2
518;227,51;2
518,5;227,73;2
519;227,95;2
519,5;228,17;2
520;228,39;2
520,5;228,61;2
521;228,83;2
521,5;229,05;2
522;229,27;2
522,5;229,49;2
523;229,71;2
523,5;229,93;2
524;230,15;2
524,5;230,37;2
525;230,59;2
525,5;230,81;2
526;231,03;2
526,5;231,25;2
527;231,47;2
527,5;231,69;2
528;231,91;2
528,5;232,13;2
529;232,35;2
529,5;232,57;2
530;232,79;2
530,5;233,01;2
531;233,23;2
531,5;233,45;2
532;233,67;2
532,5;233,89;2
533;234,11;2
533,5;234,33;2
534;234,55;2
534,5;234,77;2
535;234,99;2
535,5;235,21;2
536;235,43;2
536,5;235,65;2
537;235,87;2
537,5;236,09;2
538;236,31;2
538,5;236,53;2
539;236,75;2
539,5;236,97;2
540;237,19;2
540,5;237,41;2
541;237,63;2
541,5;237,85;2
542;238,07;2
542,5;238,29;2
543;238,51;2
543,5;238,73;2
544;238,95;2
544,5;239,17;2
545;239,39;2
545,5;239,61;2
546;239,83;2
546,5;240,05;2
547;240,27;2
547,5;240,49;2
548;240,71;2
548,5;240,93;2
549;241,15;2
549,5;241,37;2
550;241,59;2
550,5;241,81;2
551;242,03;2
551,5;242,25;2
552;242,47;2
552,5;242,69;2
553;242,91;2
553,5;243,13;2
554;243,35;2
554,5;243,57;2
555;243,79;2
555,5;244,01;2
556;244,23;2
556,5;244,45;2
557;244,67;2
557,5;244,89;2
558;245,11;2
558,5;245,33;2
559;245,55;2
559,5;245,77;2
560;245,99;2
560,5;246,21;2
561;246,43;2
561,5;246,65;2
562;246,87;2
562,5;247,09;2
563;247,31;2
563,5;247,53;2
564;247,75;2
564,5;247,97;2
565;248,19;2
565,5;248,41;2
566;248,63;2
566,5;248,85;2
567;249,07;2
567,5;249,29;2
568;249,51;2
568,5;249,73;2
569;249,95;2
569,5;250,17;2
570;250,39;2
570,5;250,61;2
571;250,83;2
571,5;251,05;2
572;251,27;2
572,5;251,49;2
573;251,71;2
573,5;251,93;2
574;252,15;2
574,5;252,37;2
575;252,59;2
575,5;252,81;2
576;253,03;2
576,5;253,25;2
577;253,47;2
577,5;253,69;2
578;253,91;2
578,5;254,13;2
579;254,35;2
579,5;254,57;2
580;254,79;2
580,5;255,01;2
581;255,23;2
581,5;255,45;2
582;255,67;2
582,5;255,89;2
583;256,11;2
583,5;256,33;2
584;256,55;2
584,5;256,77;2
585;256,99;2
585,5;257,21;2
586;257,43;2
586,5;257,65;2
587;257,87;2
587,5;258,09;2
588;258,31;2
588,5;258,53;2
589;258,75;2
589,5;258,97;2
590;259,19;2
590,5;259,41;2
591;259,63;2
591,5;259,85;2
592;260,07;2
592,5;260,29;2
593;260,51;2
593,5;260,73;2
594;260,95;2
594,5;261,17;2
595;261,39;2
595,5;261,61;2
596;261,83;2
596,5;262,05;2
597;262,27;2
597,5;262,49;2
598;262,71;2
598,5;262,93;2
599;263,15;2
599,5;263,37;2
600;263,59;2
600,5;263,81;2
601;264,03;2
601,5;264,25;2
602;264,47;2
602,5;264,69;2
603;264,91;2
603,5;265,13;2
604;265,35;2
604,5;265,57;2
605;265,79;2
605,5;266,01;2
606;266,23;2
606,5;266,45;2
607;266,67;2
607,5;266,89;2
608;267,11;2
608,5;267,33;2
609;267,55;2
609,5;267,77;2
610;267,99;2
610,5;268,21;2
611;268,43;2
611,5;268,65;2
612;268,87;2
612,5;269,09;2
613;269,31;2
613,5;269,53;2
614;269,75;2
614,5;269,97;2
615;270,19;2
615,5;270,41;2
616;270,63;2
616,5;270,85;2
617;271,07;2
617,5;271,29;2
618;271,51;2
618,5;271,73;2
619;271,95;2
619,5;272,17;2
620;272,39;2
620,5;272,61;2
621;272,83;2
621,5;273,05;2
622;273,27;2
622,5;273,49;2
623;273,71;2
623,5;273,93;2
624;274,15;2
624,5;274,37;2
625;274,59;2
625,5;274,81;2
626;275,03;2
626,5;275,25;2
627;275,47;2
627,5;275,69;2
628;275,91;2
628,5;276,13;2
629;276,35;2
629,5;276,57;2
630;276,79;2
630,5;277,01;2
631;277,23;2
631,5;277,45;2
632;277,67;2
632,5;277,89;2
633;278,11;2
633,5;278,33;2
634;278,55;2
634,5;278,77;2
635;278,99;2
635,5;279,21;2
636;279,43;2
636,5;279,65;2
637;279,87;2
637,5;280,09;2
638;280,31;2
638,5;280,53;2
639;280,75;2
639,5;280,97;2
640;281,19;2
640,5;281,41;2
641;281,63;2
641,5;281,85;2
642;282,07;2
642,5;282,29;2
643;282,51;2
643,5;282,73;2
644;282,95;2
644,5;283,17;2
645;283,39;2
645,5;283,61;2
646;283,83;2
646,5;284,05;2
647;284,27;2
647,5;284,49;2
648;284,71;2
648,5;284,93;2
649;285,15;2
649,5;285,37;2
650;285,59;2
650,5;285,81;2
651;286,03;2
651,5;286,25;2
652;286,47;2
652,5;286,69;2
653;286,91;2
653,5;287,13;2
654;287,35;2
654,5;287,57;2
655;287,79;2
655,5;288,01;2
656;288,23;2
656,5;288,45;2
657;288,67;2
657,5;288,89;2
658;289,11;2
658,5;289,33;2
659;289,55;2
659,5;289,77;2
660;289,99;2
660,5;290,21;2
661;290,43;2
661,5;290,65;2
662;290,87;2
662,5;291,09;2
663;291,31;2
663,5;291,53;2
664;291,75;2
664,5;291,97;2
665;292,19;2
665,5;292,41;2
666;292,63;2
666,5;292,85;2
667;293,07;2
667,5;293,29;2
668;293,51;2
668,5;293,73;2
669;293,95;2
669,5;294,17;2
670;294,39;2
670,5;294,61;2
671;294,83;2
671,5;295,05;2
672;295,27;2
672,5;295,49;2
673;295,71;2
673,5;295,93;2
674;296,15;2
674,5;296,37;2
675;296,59;2
675,5;296,81;2
676;297,03;2
676,5;297,25;2
677;297,47;2
677,5;297,69;2
678;297,91;2
678,5;298,13;2
679;298,35;2
679,5;298,57;2
680;298,79;2
680,5;299,01;2
681;299,23;2
681,5;299,45;2
682;299,67;2
682,5;299,89;2
683;300,11;2
683,5;300,33;2
684;300,55;2
684,5;300,77;2
685;300,99;2
685,5;301,21;2
686;301,43;2
686,5;301,65;2
687;301,87;2
687,5;302,09;2
688;302,31;2
688,5;302,53;2
689;302,75;2
689,5;302,97;2
690;303,19;2
690,5;303,41;2
691;303,63;2
691,5;303,85;2
692;304,07;2
692,5;304,29;2
693;304,51;2
693,5;304,73;2
694;304,95;2
694,5;305,17;2
695;305,39;2
695,5;305,61;2
696;305,83;2
696,5;306,05;2
697;306,27;2
697,5;306,49;2
698;306,71;2
698,5;306,93;2
699;307,15;2
699,5;307,37;2
700;307,59;2
700,5;307,81;2
701;308,03;2
701,5;308,25;2
702;308,47;2
702,5;308,69;2
703;308,91;2
703,5;309,13;2
704;309,35;2
704,5;309,57;2
705;309,79;2
705,5;310,01;2
706;310,23;2
706,5;310,45;2
707;310,67;2
707,5;310,89;2
708;311,11;2
708,5;311,33;2
709;311,55;2
709,5;311,77;2
710;311,99;2
710,5;312,21;2
711;312,43;2
711,5;312,65;2
712;312,87;2
712,5;313,09;2
713;313,31;2
713,5;313,53;2
714;313,75;2
714,5;313,97;2
715;314,19;2
715,5;314,41;2
716;314,63;2
716,5;314,85;2
717;315,07;2
717,5;315,29;2
718;315,51;2
718,5;315,73;2
719;315,95;2
719,5;316,17;2
720;316,39;2
720,5;316,61;2
721;316,83;2
721,5;317,05;2
722;317,27;2
722,5;317,49;2
723;317,71;2
723,5;317,93;2
724;318,15;2
724,5;318,37;2
725;318,59;2
725,5;318,81;2
726;319,03;2
726,5;319,25;2
727;319,47;2
727,5;319,69;2
728;319,91;2
728,5;320,13;2
729;320,35;2
729,5;320,57;2
730;320,79;2
730,5;321,01;2
731;321,23;2
731,5;321,45;2
732;321,67;2
732,5;321,89;2
733;322,11;2
733,5;322,33;2
734;322,55;2
734,5;322,77;2
735;322,99;2
735,5;323,21;2
736;323,43;2
736,5;323,65;2
737;323,87;2
737,5;324,09;2
738;324,31;2
738,5;324,53;2
739;324,75;2
739,5;324,97;2
740;325,19;2
740,5;325,41;2
741;325,63;2
741,5;325,85;2
742;326,07;2
742,5;326,29;2
743;326,51;2
743,5;326,73;2
744;326,95;2
744,5;327,17;2
745;327,39;2
745,5;327,61;2
746;327,83;2
746,5;328,05;2
747;328,27;2
747,5;328,49;2
748;328,71;2
748,5;328,93;2
749;329,15;2
749,5;329,37;2
750;329,59;2
750,5;329,81;2
751;330,03;3
751,5;330,25;3
752;330,47;3
752,5;330,69;3
753;330,91;3
753,5;331,13;3
754;331,35;3
754,5;331,57;3
755;331,79;3
755,5;332,01;3
756;332,23;3
756,5;332,45;3
757;332,67;3
757,5;332,89;3
758;333,11;3
758,5;333,33;3
759;333,55;3
759,5;333,77;3
760;333,99;3
760,5;334,21;3
761;334,43;3
761,5;334,65;3
762;334,87;3
762,5;335,09;3
763;335,31;3
763,5;335,53;3
764;335,75;3
764,5;335,97;3
765;336,19;3
765,5;336,41;3
766;336,63;3
766,5;336,85;3
767;337,07;3
767,5;337,29;3
768;337,51;3
768,5;337,73;3
769;337,95;3
769,5;338,17;3
770;338,39;3
770,5;338,61;3
771;338,83;3
771,5;339,05;3
772;339,27;3
772,5;339,49;3
773;339,71;3
773,5;339,93;3
774;340,15;3
774,5;340,37;3
775;340,59;3
775,5;340,81;3
776;341,03;3
776,5;341,25;3
777;341,47;3
777,5;341,69;3
778;341,91;3
778,5;342,13;3
779;342,35;3
779,5;342,57;3
780;342,79;3
780,5;343,01;3
781;343,23;3
781,5;343,45;3
782;343,67;3
782,5;343,89;3
783;344,11;3
783,5;344,33;3
784;344,55;3
784,5;344,77;3
785;344,99;3
785,5;345,21;3
786;345,43;3
786,5;345,65;3
787;345,87;3
787,5;346,09;3
788;346,31;3
788,5;346,53;3
789;346,75;3
789,5;346,97;3
790;347,19;3
790,5;347,41;3
791;347,63;3
791,5;347,85;3
792;348,07;3
792,5;348,29;3
793;348,51;3
793,5;348,73;3
794;348,95;3
794,5;349,17;3
795;349,39;3
795,5;349,61;3
796;349,83;3
796,5;350,05;3
797;350,27;3
797,5;350,49;3
798;350,71;3
798,5;350,93;3
799;351,15;3
799,5;351,37;3
800;351,59;3
800,5;351,81;3
801;352,03;3
801,5;352,25;3
802;352,47;3
802,5;352,69;3
803;352,91;3
803,5;353,13;3
804;353,35;3
804,5;353,57;3
805;353,79;3
805,5;354,01;3
806;354,23;3
806,5;354,45;3
807;354,67;3
807,5;354,89;3
808;355,11;3
808,5;355,33;3
809;355,55;3
809,5;355,77;3
810;355,99;3
810,5;356,21;3
811;356,43;3
811,5;356,65;3
812;356,87;3
812,5;357,09;3
813;357,31;3
813,5;357,53;3
814;357,75;3
814,5;357,97;3
815;358,19;3
815,5;358,41;3
816;358,63;3
816,5;358,85;3
817;359,07;3
817,5;359,29;3
818;359,51;3
818,5;359,73;3
819;359,95;3
819,5;360,17;3
820;360,39;3
820,5;360,61;3
821;360,83;3
821,5;361,05;3
822;361,27;3
822,5;361,49;3
823;361,71;3
823,5;361,93;3
824;362,15;3
824,5;362,37;3
825;362,59;3
825,5;362,81;3
826;363,03;3
826,5;363,25;3
827;363,47;3
827,5;363,69;3
828;363,91;3
828,5;364,13;3
829;364,35;3
829,5;364,57;3
830;364,79;3
830,5;365,01;3
831;365,23;3
831,5;365,45;3
832;365,67;3
832,5;365,89;3
833;366,11;3
833,5;366,33;3
834;366,55;3
834,5;366,77;3
835;366,99;3
835,5;367,21;3
836;367,43;3
836,5;367,65;3
837;367,87;3
837,5;368,09;3
838;368,31;3
838,5;368,53;3
839;368,75;3
839,5;368,97;3
840;369,19;3
840,5;369,41;3
841;369,63;3
841,5;369,85;3
842;370,07;3
842,5;370,29;3
843;370,51;3
843,5;370,73;3
844;370,95;3
844,5;371,17;3
845;371,39;3
845,5;371,61;3
846;371,83;3
846,5;372,05;3
847;372,27;3
847,5;372,49;3
848;372,71;3
848,5;372,93;3
849;373,15;3
849,5;373,37;3
850;373,59;3
850,5;373,81;3
851;374,03;3
851,5;374,25;3
852;374,47;3
852,5;374,69;3
853;374,91;3
853,5;375,13;3
854;375,35;3
854,5;375,57;3
855;375,79;3
855,5;376,01;3
856;376,23;3
856,5;376,45;3
857;376,67;3
857,5;376,89;3
858;377,11;3
858,5;377,33;3
859;377,55;3
859,5;377,77;3
860;377,99;3
860,5;378,21;3
861;378,43;3
861,5;378,65;3
862;378,87;3
862,5;379,09;3
863;379,31;3
863,5;379,53;3
864;379,75;3
864,5;379,97;3
865;380,19;3
865,5;380,41;3
866;380,63;3
866,5;380,85;3
867;381,07;3
867,5;381,29;3
868;381,51;3
868,5;381,73;3
869;381,95;3
869,5;382,17;3
870;382,39;3
870,5;382,61;3
871;382,83;3
871,5;383,05;3
872;383,27;3
872,5;383,49;3
873;383,71;3
873,5;383,93;3
874;384,15;3
874,5;384,37;3
875;384,59;3
875,5;384,81;3
876;385,03;3
876,5;385,25;3
877;385,47;3
877,5;385,69;3
878;385,91;3
878,5;386,13;3
879;386,35;3
879,5;386,57;3
880;386,79;3
880,5;387,01;3
881;387,23;3
881,5;387,45;3
882;387,67;3
882,5;387,89;3
883;388,11;3
883,5;388,33;3
884;388,55;3
884,5;388,77;3
885;388,99;3
885,5;389,21;3
886;389,43;3
886,5;389,65;3
887;389,87;3
887,5;390,09;3
888;390,31;3
888,5;390,53;3
889;390,75;3
889,5;390,97;3
890;391,19;3
890,5;391,41;3
891;391,63;3
891,5;391,85;3
892;392,07;3
892,5;392,29;3
893;392,51;3
893,5;392,73;3
894;392,95;3
894,5;393,17;3
895;393,39;3
895,5;393,61;3
896;393,83;3
896,5;394,05;3
897;394,27;3
897,5;394,49;3
898;394,71;3
898,5;394,93;3
899;395,15;3
899,5;395,37;3
900;395,59;3
900,5;395,81;3
901;396,03;3
901,5;396,25;3
902;396,47;3
902,5;396,69;3
903;396,91;3
903,5;397,13;3
904;397,35;3
904,5;397,57;3
905;397,79;3
905,5;398,01;3
906;398,23;3
906,5;398,45;3
907;398,67;3
907,5;398,89;3
908;399,11;3
908,5;399,33;3
909;399,55;3
909,5;399,77;3
910;399,99;3
910,5;400,21;3
911;400,43;3
911,5;400,65;3
912;400,87;3
912,5;401,09;3
913;401,31;3
913,5;401,53;3
914;401,75;3
914,5;401,97;3
915;402,19;3
915,5;402,41;3
916;402,63;3
916,5;402,85;3
917;403,07;3
917,5;403,29;3
918;403,51;3
918,5;403,73;3
919;403,95;3
919,5;404,17;3
920;404,39;3
920,5;404,61;3
921;404,83;3
921,5;405,05;3
922;405,27;3
922,5;405,49;3
923;405,71;3
923,5;405,93;3
924;406,15;3
924,5;406,37;3
925;406,59;3
925,5;406,81;3
926;407,03;3
926,5;407,25;3
927;407,47;3
927,5;407,69;3
928;407,91;3
928,5;408,13;3
929;408,35;3
929,5;408,57;3
930;408,79;3
930,5;409,01;3
931;409,23;3
931,5;409,45;3
932;409,67;3
932,5;409,89;3
933;410,11;3
933,5;410,33;3
934;410,55;3
934,5;410,77;3
935;410,99;3
935,5;411,21;3
936;411,43;3
936,5;411,65;3
937;411,87;3
937,5;412,09;3
938;412,31;3
938,5;412,53;3
939;412,75;3
939,5;412,97;3
940;413,19;3
940,5;413,41;3
941;413,63;3
941,5;413,85;3
942;414,07;3
942,5;414,29;3
943;414,51;3
943,5;414,73;3
944;414,95;3
944,5;415,17;3
945;415,39;3
945,5;415,61;3
946;415,83;3
946,5;416,05;3
947;416,27;3
947,5;416,49;3
948;416,71;3
948,5;416,93;3
949;417,15;3
949,5;417,37;3
950;417,59;3
950,5;417,81;3
951;418,03;3
951,5;418,25;3
952;418,47;3
952,5;418,69;3
953;418,91;3
953,5;419,13;3
954;419,35;3
954,5;419,57;3
955;419,79;3
955,5;420,01;3
956;420,23;3
956,5;420,45;3
957;420,67;3
957,5;420,89;3
958;421,11;3
958,5;421,33;3
959;421,55;3
959,5;421,77;3
960;421,99;3
960,5;422,21;3
961;422,43;3
961,5;422,65;3
962;422,87;3
962,5;423,09;3
963;423,31;3
963,5;423,53;3
964;423,75;3
964,5;423,97;3
965;424,19;3
965,5;424,41;3
966;424,63;3
966,5;424,85;3
967;425,07;3
967,5;425,29;3
968;425,51;3
968,5;425,73;3
969;425,95;3
969,5;426,17;3
970;426,39;3
970,5;426,61;3
971;426,83;3
971,5;427,05;3
972;427,27;3
972,5;427,49;3
973;427,71;3
973,5;427,93;3
974;428,15;3
974,5;428,37;3
975;428,59;3
975,5;428,81;3
976;429,03;3
976,5;429,25;3
977;429,47;3
977,5;429,69;3
978;429,91;3
978,5;430,13;3
979;430,35;3
979,5;430,57;3
980;430,79;3
980,5;431,01;3
981;431,23;3
981,5;431,45;3
982;431,67;3
982,5;431,89;3
983;432,11;3
983,5;432,33;3
984;432,55;3
984,5;432,77;3
985;432,99;3
985,5;433,21;3
986;433,43;3
986,5;433,65;3
987;433,87;3
987,5;434,09;3
988;434,31;3
988,5;434,53;3
989;434,75;3
989,5;434,97;3
990;435,19;3
990,5;435,41;3
991;435,63;3
991,5;435,85;3
992;436,07;3
992,5;436,29;3
993;436,51;3
993,5;436,73;3
994;436,95;3
994,5;437,17;3
995;437,39;3
995,5;437,61;3
996;437,83;3
996,5;438,05;3
997;438,27;3
997,5;438,49;3
998;438,71;3
998,5;438,93;3
999;439,15;3
999,5;439,37;3
1000;439,59;3
1000,5;439,81;3
1001;440,03;4
1001,5;440,25;4
1002;440,47;4
1002,5;440,69;4
1003;440,91;4
1003,5;441,13;4
1004;441,35;4
1004,5;441,57;4
1005;441,79;4
1005,5;442,01;4
1006;442,23;4
1006,5;442,45;4
1007;442,67;4
1007,5;442,89;4
1008;443,11;4
1008,5;443,33;4
1009;443,55;4
1009,5;443,77;4
1010;443,99;4
1010,5;444,21;4
1011;444,43;4
1011,5;444,65;4
1012;444,87;4
1012,5;445,09;4
1013;445,31;4
1013,5;445,53;4
1014;445,75;4
1014,5;445,97;4
1015;446,19;4
1015,5;446,41;4
1016;446,63;4
1016,5;446,85;4
1017;447,07;4
1017,5;447,29;4
1018;447,51;4
1018,5;447,73;4
1019;447,95;4
1019,5;448,17;4
1020;448,39;4
1020,5;448,61;4
1021;448,83;4
1021,5;449,05;4
1022;449,27;4
1022,5;449,49;4
1023;449,71;4
1023,5;449,93;4
1024;450,15;4
1024,5;450,37;4
1025;450,59;4
1025,5;450,81;4
1026;451,03;4
1026,5;451,25;4
1027;451,47;4
1027,5;451,69;4
1028;451,91;4
1028,5;452,13;4
1029;452,35;4
1029,5;452,57;4
1030;452,79;4
1030,5;453,01;4
1031;453,23;4
1031,5;453,45;4
1032;453,67;4
1032,5;453,89;4
1033;454,11;4
1033,5;454,33;4
1034;454,55;4
1034,5;454,77;4
1035;454,99;4
1035,5;455,21;4
1036;455,43;4
1036,5;455,65;4
1037;455,87;4
1037,5;456,09;4
1038;456,31;4
1038,5;456,53;4
1039;456,75;4
1039,5;456,97;4
1040;457,19;4
1040,5;457,41;4
1041;457,63;4
1041,5;457,85;4
1042;458,07;4
1042,5;458,29;4
1043;458,51;4
1043,5;458,73;4
1044;458,95;4
1044,5;459,17;4
1045;459,39;4
1045,5;459,61;4
1046;459,83;4
1046,5;460,05;4
1047;460,27;4
1047,5;460,49;4
1048;460,71;4
1048,5;460,93;4
1049;461,15;4
1049,5;461,37;4
1050;461,59;4
1050,5;461,81;4
1051;462,03;4
1051,5;462,25;4
1052;462,47;4
1052,5;462,69;4
1053;462,91;4
1053,5;463,13;4
1054;463,35;4
1054,5;463,57;4
1055;463,79;4
1055,5;464,01;4
1056;464,23;4
1056,5;464,45;4
1057;464,67;4
1057,5;464,89;4
1058;465,11;4
1058,5;465,33;4
1059;465,55;4
1059,5;465,77;4
1060;465,99;4
1060,5;466,21;4
1061;466,43;4
1061,5;466,65;4
1062;466,87;4
1062,5;467,09;4
1063;467,31;4
1063,5;467,53;4
1064;467,75;4
1064,5;467,97;4
1065;468,19;4
1065,5;468,41;4
1066;468,63;4
1066,5;468,85;4
1067;469,07;4
1067,5;469,29;4
1068;469,51;4
1068,5;469,73;4
1069;469,95;4
1069,5;470,17;4
1070;470,39;4
1070,5;470,61;4
1071;470,83;4
1071,5;471,05;4
1072;471,27;4
1072,5;471,49;4
1073;471,71;4
1073,5;471,93;4
1074;472,15;4
1074,5;472,37;4
1075;472,59;4
1075,5;472,81;4
1076;473,03;4
1076,5;473,25;4
1077;473,47;4
1077,5;473,69;4
1078;473,91;4
1078,5;474,13;4
1079;474,35;4
1079,5;474,57;4
1080;474,79;4
1080,5;475,01;4
1081;475,23;4
1081,5;475,45;4
1082;475,67;4
1082,5;475,89;4
1083;476,11;4
1083,5;476,33;4
1084;476,55;4
1084,5;476,77;4
1085;476,99;4
1085,5;477,21;4
1086;477,43;4
1086,5;477,65;4
1087;477,87;4
1087,5;478,09;4
1088;478,31;4
1088,5;478,53;4
1089;478,75;4
1089,5;478,97;4
1090;479,19;4
1090,5;479,41;4
1091;479,63;4
1091,5;479,85;4
1092;480,07;4
1092,5;480,29;4
1093;480,51;4
1093,5;480,73;4
1094;480,95;4
1094,5;481,17;4
1095;481,39;4
1095,5;481,61;4
1096;481,83;4
1096,5;482,05;4
1097;482,27;4
1097,5;482,49;4
1098;482,71;4
1098,5;482,93;4
1099;483,15;4
1099,5;483,37;4
1100;483,59;4
1100,5;483,81;4
1101;484,03;4
1101,5;484,25;4
1102;484,47;4
1102,5;484,69;4
1103;484,91;4
1103,5;485,13;4
1104;485,35;4
1104,5;485,57;4
1105;485,79;4
1105,5;486,01;4
1106;486,23;4
1106,5;486,45;4
1107;486,67;4
1107,5;486,89;4
1108;487,11;4
1108,5;487,33;4
1109;487,55;4
1109,5;487,77;4
1110;487,99;4
1110,5;488,21;4
1111;488,43;4
1111,5;488,65;4
1112;488,87;4
1112,5;489,09;4
1113;489,31;4
1113,5;489,53;4
1114;489,75;4
1114,5;489,97;4
1115;490,19;4
1115,5;490,41;4
1116;490,63;4
1116,5;490,85;4
1117;491,07;4
1117,5;491,29;4
1118;491,51;4
1118,5;491,73;4
1119;491,95;4
1119,5;492,17;4
1120;492,39;4
1120,5;492,61;4
1121;492,83;4
1121,5;493,05;4
1122;493,27;4
1122,5;493,49;4
1123;493,71;4
1123,5;493,93;4
1124;494,15;4
1124,5;494,37;4
1125;494,59;4
1125,5;494,81;4
1126;495,03;4
1126,5;495,25;4
1127;495,47;4
1127,5;495,69;4
1128;495,91;4
1128,5;496,13;4
1129;496,35;4
1129,5;496,57;4
1130;496,79;4
1130,5;497,01;4
1131;497,23;4
1131,5;497,45;4
1132;497,67;4
1132,5;497,89;4
1133;498,11;4
1133,5;498,33;4
1134;498,55;4
1134,5;498,77;4
1135;498,99;4
1135,5;499,21;4
1136;499,43;4
1136,5;499,65;4
1137;499,87;4
1137,5;500,09;4
1138;500,31;4
1138,5;500,53;4
1139;500,75;4
1139,5;500,97;4
1140;501,19;4
1140,5;501,41;4
1141;501,63;4
1141,5;501,85;4
1142;502,07;4
1142,5;502,29;4
1143;502,51;4
1143,5;502,73;4
1144;502,95;4
1144,5;503,17;4
1145;503,39;4
1145,5;503,61;4
1146;503,83;4
1146,5;504,05;4
1147;504,27;4
1147,5;504,49;4
1148;504,71;4
1148,5;504,93;4
1149;505,15;4
1149,5;505,37;4
1150;505,59;4
1150,5;505,81;4
1151;506,03;4
1151,5;506,25;4
1152;506,47;4
1152,5;506,69;4
1153;506,91;4
1153,5;507,13;4
1154;507,35;4
1154,5;507,57;4
1155;507,79;4
1155,5;508,01;4
1156;508,23;4
1156,5;508,45;4
1157;508,67;4
1157,5;508,89;4
1158;509,11;4
1158,5;509,33;4
1159;509,55;4
1159,5;509,77;4
1160;509,99;4
1160,5;510,21;4
1161;510,43;4
1161,5;510,65;4
1162;510,87;4
1162,5;511,09;4
1163;511,31;4
1163,5;511,53;4
1164;511,75;4
1164,5;511,97;4
1165;512,19;4
1165,5;512,41;4
1166;512,63;4
1166,5;512,85;4
1167;513,07;4
1167,5;513,29;4
1168;513,51;4
1168,5;513,73;4
1169;513,95;4
1169,5;514,17;4
1170;514,39;4
1170,5;514,61;4
1171;514,83;4
1171,5;515,05;4
1172;515,27;4
1172,5;515,49;4
1173;515,71;4
1173,5;515,93;4
1174;516,15;4
1174,5;516,37;4
1175;516,59;4
1175,5;516,81;4
1176;517,03;4
1176,5;517,25;4
1177;517,47;4
1177,5;517,69;4
1178;517,91;4
1178,5;518,13;4
1179;518,35;4
1179,5;518,57;4
1180;518,79;4
1180,5;519,01;4
1181;519,23;4
1181,5;519,45;4
1182;519,67;4
1182,5;519,89;4
1183;520,11;4
1183,5;520,33;4
1184;520,55;4
1184,5;520,77;4
1185;520,99;4
1185,5;521,21;4
1186;521,43;4
1186,5;521,65;4
1187;521,87;4
1187,5;522,09;4
1188;522,31;4
1188,5;522,53;4
1189;522,75;4
1189,5;522,97;4
1190;523,19;4
1190,5;523,41;4
1191;523,63;4
1191,5;523,85;4
1192;524,07;4
1192,5;524,29;4
1193;524,51;4
1193,5;524,73;4
1194;524,95;4
1194,5;525,17;4
1195;525,39;4
1195,5;525,61;4
1196;525,83;4
1196,5;526,05;4
1197;526,27;4
1197,5;526,49;4
1198;526,71;4
1198,5;526,93;4
1199;527,15;4
1199,5;527,37;4
1200;527,59;4
1200,5;527,81;4
1201;528,03;4
1201,5;528,25;4
1202;528,47;4
1202,5;528,69;4
1203;528,91;4
1203,5;529,13;4
1204;529,35;4
1204,5;529,57;4
1205;529,79;4
1205,5;530,01;4
1206;530,23;4
1206,5;530,45;4
1207;530,67;4
1207,5;530,89;4
1208;531,11;4
1208,5;531,33;4
1209;531,55;4
1209,5;531,77;4
1210;531,99;4
1210,5;532,21;4
1211;532,43;4
1211,5;532,65;4
1212;532,87;4
1212,5;533,09;4
1213;533,31;4
1213,5;533,53;4
1214;533,75;4
1214,5;533,97;4
1215;534,19;4
1215,5;534,41;4
1216;534,63;4
1216,5;534,85;4
1217;535,07;4
1217,5;535,29;4
1218;535,51;4
1218,5;535,73;4
1219;535,95;4
1219,5;536,17;4
1220;536,39;4
1220,5;536,61;4
1221;536,83;4
1221,5;537,05;4
1222;537,27;4
1222,5;537,49;4
1223;537,71;4
1223,5;537,93;4
1224;538,15;4
1224,5;538,37;4
1225;538,59;4
1225,5;538,81;4
1226;539,03;4
1226,5;539,25;4
1227;539,47;4
1227,5;539,69;4
1228;539,91;4
1228,5;540,13;4
1229;540,35;4
1229,5;540,57;4
1230;540,79;4
1230,5;541,01;4
1231;541,23;4
1231,5;541,45;4
1232;541,67;4
1232,5;541,89;4
1233;542,11;4
1233,5;542,33;4
1234;542,55;4
1234,5;542,77;4
1235;542,99;4
1235,5;543,21;4
1236;543,43;4
1236,5;543,65;4
1237;543,87;4
1237,5;544,09;4
1238;544,31;4
1238,5;544,53;4
1239;544,75;4
1239,5;544,97;4
1240;545,19;4
1240,5;545,41;4
1241;545,63;4
1241,5;545,85;4
1242;546,07;4
1242,5;546,29;4
1243;546,51;4
1243,5;546,73;4
1244;546,95;4
1244,5;547,17;4
1245;547,39;4
1245,5;547,61;4
1246;547,83;4
1246,5;548,05;4
1247;548,27;4
1247,5;548,49;4
1248;548,71;4
1248,5;548,93;4
1249;549,15;4
1249,5;549,37;4
1250;549,59;4
1250,5;549,81;4
1251;550,03;5
1251,5;550,25;5
1252;550,47;5
1252,5;550,69;5
1253;550,91;5
1253,5;551,13;5
1254;551,35;5
1254,5;551,57;5
1255;551,79;5
1255,5;552,01;5
1256;552,23;5
1256,5;552,45;5
1257;552,67;5
1257,5;552,89;5
1258;553,11;5
1258,5;553,33;5
1259;553,55;5
1259,5;553,77;5
1260;553,99;5
1260,5;554,21;5
1261;554,43;5
1261,5;554,65;5
1262;554,87;5
1262,5;555,09;5
1263;555,31;5
1263,5;555,53;5
1264;555,75;5
1264,5;555,97;5
1265;556,19;5
1265,5;556,41;5
1266;556,63;5
1266,5;556,85;5
1267;557,07;5
1267,5;557,29;5
1268;557,51;5
1268,5;557,73;5
1269;557,95;5
1269,5;558,17;5
1270;558,39;5
1270,5;558,61;5
1271;558,83;5
1271,5;559,05;5
1272;559,27;5
1272,5;559,49;5
1273;559,71;5
1273,5;559,93;5
1274;560,15;5
1274,5;560,37;5
1275;560,59;5
1275,5;560,81;5
1276;561,03;5
1276,5;561,25;5
1277;561,47;5
1277,5;561,69;5
1278;561,91;5
1278,5;562,13;5
1279;562,35;5
1279,5;562,57;5
1280;562,79;5
1280,5;563,01;5
1281;563,23;5
1281,5;563,45;5
1282;563,67;5
1282,5;563,89;5
1283;564,11;5
1283,5;564,33;5
1284;564,55;5
1284,5;564,77;5
1285;564,99;5
1285,5;565,21;5
1286;565,43;5
1286,5;565,65;5
1287;565,87;5
1287,5;566,09;5
1288;566,31;5
1288,5;566,53;5
1289;566,75;5
1289,5;566,97;5
1290;567,19;5
1290,5;567,41;5
1291;567,63;5
1291,5;567,85;5
1292;568,07;5
1292,5;568,29;5
1293;568,51;5
1293,5;568,73;5
1294;568,95;5
1294,5;569,17;5
1295;569,39;5
1295,5;569,61;5
1296;569,83;5
1296,5;570,05;5
1297;570,27;5
1297,5;570,49;5
1298;570,71;5
1298,5;570,93;5
1299;571,15;5
1299,5;571,37;5
1300;571,59;5
1300,5;571,81;5
1301;572,03;5
1301,5;572,25;5
1302;572,47;5
1302,5;572,69;5
1303;572,91;5
1303,5;573,13;5
1304;573,35;5
1304,5;573,57;5
1305;573,79;5
1305,5;574,01;5
1306;574,23;5
1306,5;574,45;5
1307;574,67;5
1307,5;574,89;5
1308;575,11;5
1308,5;575,33;5
1309;575,55;5
1309,5;575,77;5
1310;575,99;5
1310,5;576,21;5
1311;576,43;5
1311,5;576,65;5
1312;576,87;5
1312,5;577,09;5
1313;577,31;5
1313,5;577,53;5
1314;577,75;5
1314,5;577,97;5
1315;578,19;5
1315,5;578,41;5
1316;578,63;5
1316,5;578,85;5
1317;579,07;5
1317,5;579,29;5
1318;579,51;5
1318,5;579,73;5
1319;579,95;5
1319,5;580,17;5
1320;580,39;5
1320,5;580,61;5
1321;580,83;5
1321,5;581,05;5
1322;581,27;5
1322,5;581,49;5
1323;581,71;5
1323,5;581,93;5
1324;582,15;5
1324,5;582,37;5
1325;582,59;5
1325,5;582,81;5
1326;583,03;5
1326,5;583,25;5
1327;583,47;5
1327,5;583,69;5
1328;583,91;5
1328,5;584,13;5
1329;584,35;5
1329,5;584,57;5
1330;584,79;5
1330,5;585,01;5
1331;585,23;5
1331,5;585,45;5
1332;585,67;5
1332,5;585,89;5
1333;586,11;5
1333,5;586,33;5
1334;586,55;5
1334,5;586,77;5
1335;586,99;5
1335,5;587,21;5
1336;587,43;5
1336,5;587,65;5
1337;587,87;5
1337,5;588,09;5
1338;588,31;5
1338,5;588,53;5
1339;588,75;5
1339,5;588,97;5
1340;589,19;5
1340,5;589,41;5
1341;589,63;5
1341,5;589,85;5
1342;590,07;5
1342,5;590,29;5
1343;590,51;5
1343,5;590,73;5
1344;590,95;5
1344,5;591,17;5
1345;591,39;5
1345,5;591,61;5
1346;591,83;5
1346,5;592,05;5
1347;592,27;5
1347,5;592,49;5
1348;592,71;5
1348,5;592,93;5
1349;593,15;5
1349,5;593,37;5
1350;593,59;5
1350,5;593,81;5
1351;594,03;5
1351,5;594,25;5
1352;594,47;5
1352,5;594,69;5
1353;594,91;5
1353,5;595,13;5
1354;595,35;5
1354,5;595,57;5
1355;595,79;5
1355,5;596,01;5
1356;596,23;5
1356,5;596,45;5
1357;596,67;5
1357,5;596,89;5
1358;597,11;5
1358,5;597,33;5
1359;597,55;5
1359,5;597,77;5
1360;597,99;5
1360,5;598,21;5
1361;598,43;5
1361,5;598,65;5
1362;598,87;5
1362,5;599,09;5
1363;599,31;5
1363,5;599,53;5
1364;599,75;5
1364,5;599,97;5
1365;600,19;5
1365,5;600,41;5
1366;600,63;5
1366,5;600,85;5
1367;601,07;5
1367,5;601,29;5
1368;601,51;5
1368,5;601,73;5
1369;601,95;5
1369,5;602,17;5
1370;602,39;5
1370,5;602,61;5
1371;602,83;5
1371,5;603,05;5
1372;603,27;5
1372,5;603,49;5
1373;603,71;5
1373,5;603,93;5
1374;604,15;5
1374,5;604,37;5
1375;604,59;5
1375,5;604,81;5
1376;605,03;5
1376,5;605,25;5
1377;605,47;5
1377,5;605,69;5
1378;605,91;5
1378,5;606,13;5
1379;606,35;5
1379,5;606,57;5
1380;606,79;5
1380,5;607,01;5
1381;607,23;5
1381,5;607,45;5
1382;607,67;5
1382,5;607,89;5
1383;608,11;5
1383,5;608,33;5
1384;608,55;5
1384,5;608,77;5
1385;608,99;5
1385,5;609,21;5
1386;609,43;5
1386,5;609,65;5
1387;609,87;5
1387,5;610,09;5
1388;610,31;5
1388,5;610,53;5
1389;610,75;5
1389,5;610,97;5
1390;611,19;5
1390,5;611,41;5
1391;611,63;5
1391,5;611,85;5
1392;612,07;5
1392,5;612,29;5
1393;612,51;5
1393,5;612,73;5
1394;612,95;5
1394,5;613,17;5
1395;613,39;5
1395,5;613,61;5
1396;613,83;5
1396,5;614,05;5
1397;614,27;5
1397,5;614,49;5
1398;614,71;5
1398,5;614,93;5
1399;615,15;5
1399,5;615,37;5
1400;615,59;5
1400,5;615,81;5
1401;616,03;5
1401,5;616,25;5
1402;616,47;5
1402,5;616,69;5
1403;616,91;5
1403,5;617,13;5
1404;617,35;5
1404,5;617,57;5
1405;617,79;5
1405,5;618,01;5
1406;618,23;5
1406,5;618,45;5
1407;618,67;5
1407,5;618,89;5
1408;619,11;5
1408,5;619,33;5
1409;619,55;5
1409,5;619,77;5
1410;619,99;5
1410,5;620,21;5
1411;620,43;5
1411,5;620,65;5
1412;620,87;5
1412,5;621,09;5
1413;621,31;5
1413,5;621,53;5
1414;621,75;5
1414,5;621,97;5
1415;622,19;5
1415,5;622,41;5
1416;622,63;5
1416,5;622,85;5
1417;623,07;5
1417,5;623,29;5
1418;623,51;5
1418,5;623,73;5
1419;623,95;5
1419,5;624,17;5
1420;624,39;5
1420,5;624,61;5
1421;624,83;5
1421,5;625,05;5
1422;625,27;5
1422,5;625,49;5
1423;625,71;5
1423,5;625,93;5
1424;626,15;5
1424,5;626,37;5
1425;626,59;5
1425,5;626,81;5
1426;627,03;5
1426,5;627,25;5
1427;627,47;5
1427,5;627,69;5
1428;627,91;5
1428,5;628,13;5
1429;628,35;5
1429,5;628,57;5
1430;628,79;5
1430,5;629,01;5
1431;629,23;5
1431,5;629,45;5
1432;629,67;5
1432,5;629,89;5
1433;630,11;5
1433,5;630,33;5
1434;630,55;5
1434,5;630,77;5
1435;630,99;5
1435,5;631,21;5
1436;631,43;5
1436,5;631,65;5
1437;631,87;5
1437,5;632,09;5
1438;632,31;5
1438,5;632,53;5
1439;632,75;5
1439,5;632,97;5
1440;633,19;5
1440,5;633,41;5
1441;633,63;5
1441,5;633,85;5
1442;634,07;5
1442,5;634,29;5
1443;634,51;5
1443,5;634,73;5
1444;634,95;5
1444,5;635,17;5
1445;635,39;5
1445,5;635,61;5
1446;635,83;5
1446,5;636,05;5
1447;636,27;5
1447,5;636,49;5
1448;636,71;5
1448,5;636,93;5
1449;637,15;5
1449,5;637,37;5
1450;637,59;5
1450,5;637,81;5
1451;638,03;5
1451,5;638,25;5
1452;638,47;5
1452,5;638,69;5
1453;638,91;5
1453,5;639,13;5
1454;639,35;5
1454,5;639,57;5
1455;639,79;5
1455,5;640,01;5
1456;640,23;5
1456,5;640,45;5
1457;640,67;5
1457,5;640,89;5
1458;641,11;5
1458,5;641,33;5
1459;641,55;5
1459,5;641,77;5
1460;641,99;5
1460,5;642,21;5
1461;642,43;5
1461,5;642,65;5
1462;642,87;5
1462,5;643,09;5
1463;643,31;5
1463,5;643,53;5
1464;643,75;5
1464,5;643,97;5
1465;644,19;5
1465,5;644,41;5
1466;644,63;5
1466,5;644,85;5
1467;645,07;5
1467,5;645,29;5
1468;645,51;5
1468,5;645,73;5
1469;645,95;5
1469,5;646,17;5
1470;646,39;5
1470,5;646,61;5
1471;646,83;5
1471,5;647,05;5
1472;647,27;5
1472,5;647,49;5
1473;647,71;5
1473,5;647,93;5
1474;648,15;5
1474,5;648,37;5
1475;648,59;5
1475,5;648,81;5
1476;649,03;5
1476,5;649,25;5
1477;649,47;5
1477,5;649,69;5
1478;649,91;5
1478,5;650,13;5
1479;650,35;5
1479,5;650,57;5
1480;650,79;5
1480,5;651,01;5
1481;651,23;5
1481,5;651,45;5
1482;651,67;5
1482,5;651,89;5
1483;652,11;5
1483,5;652,33;5
1484;652,55;5
1484,5;652,77;5
1485;652,99;5
1485,5;653,21;5
1486;653,43;5
1486,5;653,65;5
1487;653,87;5
1487,5;654,09;5
1488;654,31;5
1488,5;654,53;5
1489;654,75;5
1489,5;654,97;5
1490;655,19;5
1490,5;655,41;5
1491;655,63;5
1491,5;655,85;5
1492;656,07;5
1492,5;656,29;5
1493;656,51;5
1493,5;656,73;5
1494;656,95;5
1494,5;657,17;5
1495;657,39;5
1495,5;657,61;5
1496;657,83;5
1496,5;658,05;5
1497;658,27;5
1497,5;658,49;5
1498;658,71;5
1498,5;658,93;5
1499;659,15;5
1499,5;659,37;5
1500;659,59;5
1500,5;659,81;5
1501;660,03;6
1501,5;660,25;6
1502;660,47;6
1502,5;660,69;6
1503;660,91;6
1503,5;661,13;6
1504;661,35;6
1504,5;661,57;6
1505;661,79;6
1505,5;662,01;6
1506;662,23;6
1506,5;662,45;6
1507;662,67;6
1507,5;662,89;6
1508;663,11;6
1508,5;663,33;6
1509;663,55;6
1509,5;663,77;6
1510;663,99;6
1510,5;664,21;6
1511;664,43;6
1511,5;664,65;6
1512;664,87;6
1512,5;665,09;6
1513;665,31;6
1513,5;665,53;6
1514;665,75;6
1514,5;665,97;6
1515;666,19;6
1515,5;666,41;6
1516;666,63;6
1516,5;666,85;6
1517;667,07;6
1517,5;667,29;6
1518;667,51;6
1518,5;667,73;6
1519;667,95;6
1519,5;668,17;6
1520;668,39;6
1520,5;668,61;6
1521;668,83;6
1521,5;669,05;6
1522;669,27;6
1522,5;669,49;6
1523;669,71;6
1523,5;669,93;6
1524;670,15;6
1524,5;670,37;6
1525;670,59;6
1525,5;670,81;6
1526;671,03;6
1526,5;671,25;6
1527;671,47;6
1527,5;671,69;6
1528;671,91;6
1528,5;672,13;6
1529;672,35;6
1529,5;672,57;6
1530;672,79;6
1530,5;673,01;6
1531;673,23;6
1531,5;673,45;6
1532;673,67;6
1532,5;673,89;6
1533;674,11;6
1533,5;674,33;6
1534;674,55;6
1534,5;674,77;6
1535;674,99;6
1535,5;675,21;6
1536;675,43;6
1536,5;675,65;6
1537;675,87;6
1537,5;676,09;6
1538;676,31;6
1538,5;676,53;6
1539;676,75;6
1539,5;676,97;6
1540;677,19;6
1540,5;677,41;6
1541;677,63;6
1541,5;677,85;6
1542;678,07;6
1542,5;678,29;6
1543;678,51;6
1543,5;678,73;6
1544;678,95;6
1544,5;679,17;6
1545;679,39;6
1545,5;679,61;6
1546;679,83;6
1546,5;680,05;6
1547;680,27;6
1547,5;680,49;6
1548;680,71;6
1548,5;680,93;6
1549;681,15;6
1549,5;681,37;6
1550;681,59;6
1550,5;681,81;6
1551;682,03;6
1551,5;682,25;6
1552;682,47;6
1552,5;682,69;6
1553;682,91;6
1553,5;683,13;6
1554;683,35;6
1554,5;683,57;6
1555;683,79;6
1555,5;684,01;6
1556;684,23;6
1556,5;684,45;6
1557;684,67;6
1557,5;684,89;6
1558;685,11;6
1558,5;685,33;6
1559;685,55;6
1559,5;685,77;6
1560;685,99;6
1560,5;686,21;6
1561;686,43;6
1561,5;686,65;6
1562;686,87;6
1562,5;687,09;6
1563;687,31;6
1563,5;687,53;6
1564;687,75;6
1564,5;687,97;6
1565;688,19;6
1565,5;688,41;6
1566;688,63;6
1566,5;688,85;6
1567;689,07;6
1567,5;689,29;6
1568;689,51;6
1568,5;689,73;6
1569;689,95;6
1569,5;690,17;6
1570;690,39;6
1570,5;690,61;6
1571;690,83;6
1571,5;691,05;6
1572;691,27;6
1572,5;691,49;6
1573;691,71;6
1573,5;691,93;6
1574;692,15;6
1574,5;692,37;6
1575;692,59;6
1575,5;692,81;6
1576;693,03;6
1576,5;693,25;6
1577;693,47;6
1577,5;693,69;6
1578;693,91;6
1578,5;694,13;6
1579;694,35;6
1579,5;694,57;6
1580;694,79;6
1580,5;695,01;6
1581;695,23;6
1581,5;695,45;6
1582;695,67;6
1582,5;695,89;6
1583;696,11;6
1583,5;696,33;6
1584;696,55;6
1584,5;696,77;6
1585;696,99;6
1585,5;697,21;6
1586;697,43;6
1586,5;697,65;6
1587;697,87;6
1587,5;698,09;6
1588;698,31;6
1588,5;698,53;6
1589;698,75;6
1589,5;698,97;6
1590;699,19;6
1590,5;699,41;6
1591;699,63;6
1591,5;699,85;6
1592;700,07;6
1592,5;700,29;6
1593;700,51;6
1593,5;700,73;6
1594;700,95;6
1594,5;701,17;6
1595;701,39;6
1595,5;701,61;6
1596;701,83;6
1596,5;702,05;6
1597;702,27;6
1597,5;702,49;6
1598;702,71;6
1598,5;702,93;6
1599;703,15;6
1599,5;703,37;6
1600;703,59;6
1600,5;703,81;6
1601;704,03;6
1601,5;704,25;6
1602;704,47;6
1602,5;704,69;6
1603;704,91;6
1603,5;705,13;6
1604;705,35;6
1604,5;705,57;6
1605;705,79;6
1605,5;706,01;6
1606;706,23;6
1606,5;706,45;6
1607;706,67;6
1607,5;706,89;6
1608;707,11;6
1608,5;707,33;6
1609;707,55;6
1609,5;707,77;6
1610;707,99;6
1610,5;708,21;6
1611;708,43;6
1611,5;708,65;6
1612;708,87;6
1612,5;709,09;6
1613;709,31;6
1613,5;709,53;6
1614;709,75;6
1614,5;709,97;6
1615;710,19;6
1615,5;710,41;6
1616;710,63;6
1616,5;710,85;6
1617;711,07;6
1617,5;711,29;6
1618;711,51;6
1618,5;711,73;6
1619;711,95;6
1619,5;712,17;6
1620;712,39;6
1620,5;712,61;6
1621;712,83;6
1621,5;713,05;6
1622;713,27;6
1622,5;713,49;6
1623;713,71;6
1623,5;713,93;6
1624;714,15;6
1624,5;714,37;6
1625;714,59;6
1625,5;714,81;6
1626;715,03;6
1626,5;715,25;6
1627;715,47;6
1627,5;715,69;6
1628;715,91;6
1628,5;716,13;6
1629;716,35;6
1629,5;716,57;6
1630;716,79;6
1630,5;717,01;6
1631;717,23;6
1631,5;717,45;6
1632;717,67;6
1632,5;717,89;6
1633;718,11;6
1633,5;718,33;6
1634;718,55;6
1634,5;718,77;6
1635;718,99;6
1635,5;719,21;6
1636;719,43;6
1636,5;719,65;6
1637;719,87;6
1637,5;720,09;6
1638;720,31;6
1638,5;720,53;6
1639;720,75;6
1639,5;720,97;6
1640;721,19;6
1640,5;721,41;6
1641;721,63;6
1641,5;721,85;6
1642;722,07;6
1642,5;722,29;6
1643;722,51;6
1643,5;722,73;6
1644;722,95;6
1644,5;723,17;6
1645;723,39;6
1645,5;723,61;6
1646;723,83;6
1646,5;724,05;6
1647;724,27;6
1647,5;724,49;6
1648;724,71;6
1648,5;724,93;6
1649;725,15;6
1649,5;725,37;6
1650;725,59;6
1650,5;725,81;6
1651;726,03;6
1651,5;726,25;6
1652;726,47;6
1652,5;726,69;6
1653;726,91;6
1653,5;727,13;6
1654;727,35;6
1654,5;727,57;6
1655;727,79;6
1655,5;728,01;6
1656;728,23;6
1656,5;728,45;6
1657;728,67;6
1657,5;728,89;6
1658;729,11;6
1658,5;729,33;6
1659;729,55;6
1659,5;729,77;6
1660;729,99;6
1660,5;730,21;6
1661;730,43;6
1661,5;730,65;6
1662;730,87;6
1662,5;731,09;6
1663;731,31;6
1663,5;731,53;6
1664;731,75;6
1664,5;731,97;6
1665;732,19;6
1665,5;732,41;6
1666;732,63;6
1666,5;732,85;6
1667;733,07;6
1667,5;733,29;6
1668;733,51;6
1668,5;733,73;6
1669;733,95;6
1669,5;734,17;6
1670;734,39;6
1670,5;734,61;6
1671;734,83;6
1671,5;735,05;6
1672;735,27;6
1672,5;735,49;6
1673;735,71;6
1673,5;735,93;6
1674;736,15;6
1674,5;736,37;6
1675;736,59;6
1675,5;736,81;6
1676;737,03;6
1676,5;737,25;6
1677;737,47;6
1677,5;737,69;6
1678;737,91;6
1678,5;738,13;6
1679;738,35;6
1679,5;738,57;6
1680;738,79;6
1680,5;739,01;6
1681;739,23;6
1681,5;739,45;6
1682;739,67;6
1682,5;739,89;6
1683;740,11;6
1683,5;740,33;6
1684;740,55;6
1684,5;740,77;6
1685;740,99;6
1685,5;741,21;6
1686;741,43;6
1686,5;741,65;6
1687;741,87;6
1687,5;742,09;6
1688;742,31;6
1688,5;742,53;6
1689;742,75;6
1689,5;742,97;6
1690;743,19;6
1690,5;743,41;6
1691;743,63;6
1691,5;743,85;6
1692;744,07;6
1692,5;744,29;6
1693;744,51;6
1693,5;744,73;6
1694;744,95;6
1694,5;745,17;6
1695;745,39;6
1695,5;745,61;6
1696;745,83;6
1696,5;746,05;6
1697;746,27;6
1697,5;746,49;6
1698;746,71;6
1698,5;746,93;6
1699;747,15;6
1699,5;747,37;6
1700;747,59;6
1700,5;747,81;6
1701;748,03;6
1701,5;748,25;6
1702;748,47;6
1702,5;748,69;6
1703;748,91;6
1703,5;749,13;6
1704;749,35;6
1704,5;749,57;6
1705;749,79;6
1705,5;750,01;6
1706;750,23;6
1706,5;750,45;6
1707;750,67;6
1707,5;750,89;6
1708;751,11;6
1708,5;751,33;6
1709;751,55;6
1709,5;751,77;6
1710;751,99;6
1710,5;752,21;6
1711;752,43;6
1711,5;752,65;6
1712;752,87;6
1712,5;753,09;6
1713;753,31;6
1713,5;753,53;6
1714;753,75;6
1714,5;753,97;6
1715;754,19;6
1715,5;754,41;6
1716;754,63;6
1716,5;754,85;6
1717;755,07;6
1717,5;755,29;6
1718;755,51;6
1718,5;755,73;6
1719;755,95;6
1719,5;756,17;6
1720;756,39;6
1720,5;756,61;6
1721;756,83;6
1721,5;757,05;6
1722;757,27;6
1722,5;757,49;6
1723;757,71;6
1723,5;757,93;6
1724;758,15;6
1724,5;758,37;6
1725;758,59;6
1725,5;758,81;6
1726;759,03;6
1726,5;759,25;6
1727;759,47;6
1727,5;759,69;6
1728;759,91;6
1728,5;760,13;6
1729;760,35;6
1729,5;760,57;6
1730;760,79;6
1730,5;761,01;6
1731;761,23;6
1731,5;761,45;6
1732;761,67;6
1732,5;761,89;6
1733;762,11;6
1733,5;762,33;6
1734;762,55;6
1734,5;762,77;6
1735;762,99;6
1735,5;763,21;6
1736;763,43;6
1736,5;763,65;6
1737;763,87;6
1737,5;764,09;6
1738;764,31;6
1738,5;764,53;6
1739;764,75;6
1739,5;764,97;6
1740;765,19;6
1740,5;765,41;6
1741;765,63;6
1741,5;765,85;6
1742;766,07;6
1742,5;766,29;6
1743;766,51;6
1743,5;766,73;6
1744;766,95;6
1744,5;767,17;6
1745;767,39;6
1745,5;767,61;6
1746;767,83;6
1746,5;768,05;6
1747;768,27;6
1747,5;768,49;6
1748;768,71;6
1748,5;768,93;6
1749;769,15;6
1749,5;769,37;6
1750;769,59;6
1750,5;769,81;6
1751;770,03;7
1751,5;770,25;7
1752;770,47;7
1752,5;770,69;7
1753;770,91;7
1753,5;771,13;7
1754;771,35;7
1754,5;771,57;7
1755;771,79;7
1755,5;772,01;7
1756;772,23;7
1756,5;772,45;7
1757;772,67;7
1757,5;772,89;7
1758;773,11;7
1758,5;773,33;7
1759;773,55;7
1759,5;773,77;7
1760;773,99;7
1760,5;774,21;7
1761;774,43;7
1761,5;774,65;7
1762;774,87;7
1762,5;775,09;7
1763;775,31;7
1763,5;775,53;7
1764;775,75;7
1764,5;775,97;7
1765;776,19;7
1765,5;776,41;7
1766;776,63;7
1766,5;776,85;7
1767;777,07;7
1767,5;777,29;7
1768;777,51;7
1768,5;777,73;7
1769;777,95;7
1769,5;778,17;7
1770;778,39;7
1770,5;778,61;7
1771;778,83;7
1771,5;779,05;7
1772;779,27;7
1772,5;779,49;7
1773;779,71;7
1773,5;779,93;7
1774;780,15;7
1774,5;780,37;7
1775;780,59;7
1775,5;780,81;7
1776;781,03;7
1776,5;781,25;7
1777;781,47;7
1777,5;781,69;7
1778;781,91;7
1778,5;782,13;7
1779;782,35;7
1779,5;782,57;7
1780;782,79;7
1780,5;783,01;7
1781;783,23;7
1781,5;783,45;7
1782;783,67;7
1782,5;783,89;7
1783;784,11;7
1783,5;784,33;7
1784;784,55;7
1784,5;784,77;7
1785;784,99;7
1785,5;785,21;7
1786;785,43;7
1786,5;785,65;7
1787;785,87;7
1787,5;786,09;7
1788;786,31;7
1788,5;786,53;7
1789;786,75;7
1789,5;786,97;7
1790;787,19;7
1790,5;787,41;7
1791;787,63;7
1791,5;787,85;7
1792;788,07;7
1792,5;788,29;7
1793;788,51;7
1793,5;788,73;7
1794;788,95;7
1794,5;789,17;7
1795;789,39;7
1795,5;789,61;7
1796;789,83;7
1796,5;790,05;7
1797;790,27;7
1797,5;790,49;7
1798;790,71;7
1798,5;790,93;7
1799;791,15;7
1799,5;791,37;7
1800;791,59;7
1800,5;791,81;7
1801;792,03;7
1801,5;792,25;7
1802;792,47;7
1802,5;792,69;7
1803;792,91;7
1803,5;793,13;7
1804;793,35;7
1804,5;793,57;7
1805;793,79;7
1805,5;794,01;7
1806;794,23;7
1806,5;794,45;7
1807;794,67;7
1807,5;794,89;7
1808;795,11;7
1808,5;795,33;7
1809;795,55;7
1809,5;795,77;7
1810;795,99;7
1810,5;796,21;7
1811;796,43;7
1811,5;796,65;7
1812;796,87;7
1812,5;797,09;7
1813;797,31;7
1813,5;797,53;7
1814;797,75;7
1814,5;797,97;7
1815;798,19;7
1815,5;798,41;7
1816;798,63;7
1816,5;798,85;7
1817;799,07;7
1817,5;799,29;7
1818;799,51;7
1818,5;799,73;7
1819;799,95;7
1819,5;800,17;7
1820;800,39;7
1820,5;800,61;7
1821;800,83;7
1821,5;801,05;7
1822;801,27;7
1822,5;801,49;7
1823;801,71;7
1823,5;801,93;7
1824;802,15;7
1824,5;802,37;7
1825;802,59;7
1825,5;802,81;7
1826;803,03;7
1826,5;803,25;7
1827;803,47;7
1827,5;803,69;7
1828;803,91;7
1828,5;804,13;7
1829;804,35;7
1829,5;804,57;7
1830;804,79;7
1830,5;805,01;7
1831;805,23;7
1831,5;805,45;7
1832;805,67;7
1832,5;805,89;7
1833;806,11;7
1833,5;806,33;7
1834;806,55;7
1834,5;806,77;7
1835;806,99;7
1835,5;807,21;7
1836;807,43;7
1836,5;807,65;7
1837;807,87;7
1837,5;808,09;7
1838;808,31;7
1838,5;808,53;7
1839;808,75;7
1839,5;808,97;7
1840;809,19;7
1840,5;809,41;7
1841;809,63;7
1841,5;809,85;7
1842;810,07;7
1842,5;810,29;7
1843;810,51;7
1843,5;810,73;7
1844;810,95;7
1844,5;811,17;7
1845;811,39;7
1845,5;811,61;7
1846;811,83;7
1846,5;812,05;7
1847;812,27;7
1847,5;812,49;7
1848;812,71;7
1848,5;812,93;7
1849;813,15;7
1849,5;813,37;7
1850;813,59;7
1850,5;813,81;7
1851;814,03;7
1851,5;814,25;7
1852;814,47;7
1852,5;814,69;7
1853;814,91;7
1853,5;815,13;7
1854;815,35;7
1854,5;815,57;7
1855;815,79;7
1855,5;816,01;7
1856;816,23;7
1856,5;816,45;7
1857;816,67;7
1857,5;816,89;7
1858;817,11;7
1858,5;817,33;7
1859;817,55;7
1859,5;817,77;7
1860;817,99;7
1860,5;818,21;7
1861;818,43;7
1861,5;818,65;7
1862;818,87;7
1862,5;819,09;7
1863;819,31;7
1863,5;819,53;7
1864;819,75;7
1864,5;819,97;7
1865;820,19;7
1865,5;820,41;7
1866;820,63;7
1866,5;820,85;7
1867;821,07;7
1867,5;821,29;7
1868;821,51;7
1868,5;821,73;7
1869;821,95;7
1869,5;822,17;7
1870;822,39;7
1870,5;822,61;7
1871;822,83;7
1871,5;823,05;7
1872;823,27;7
1872,5;823,49;7
1873;823,71;7
1873,5;823,93;7
1874;824,15;7
1874,5;824,37;7
1875;824,59;7
1875,5;824,81;7
1876;825,03;7
1876,5;825,25;7
1877;825,47;7
1877,5;825,69;7
1878;825,91;7
1878,5;826,13;7
1879;826,35;7
1879,5;826,57;7
1880;826,79;7
1880,5;827,01;7
1881;827,23;7
1881,5;827,45;7
1882;827,67;7
1882,5;827,89;7
1883;828,11;7
1883,5;828,33;7
1884;828,55;7
1884,5;828,77;7
1885;828,99;7
1885,5;829,21;7
1886;829,43;7
1886,5;829,65;7
1887;829,87;7
1887,5;830,09;7
1888;830,31;7
1888,5;830,53;7
1889;830,75;7
1889,5;830,97;7
1890;831,19;7
1890,5;831,41;7
1891;831,63;7
1891,5;831,85;7
1892;832,07;7
1892,5;832,29;7
1893;832,51;7
1893,5;832,73;7
1894;832,95;7
1894,5;833,17;7
1895;833,39;7
1895,5;833,61;7
1896;833,83;7
1896,5;834,05;7
1897;834,27;7
1897,5;834,49;7
1898;834,71;7
1898,5;834,93;7
1899;835,15;7
1899,5;835,37;7
1900;835,59;7
1900,5;835,81;7
1901;836,03;7
1901,5;836,25;7
1902;836,47;7
1902,5;836,69;7
1903;836,91;7
1903,5;837,13;7
1904;837,35;7
1904,5;837,57;7
1905;837,79;7
1905,5;838,01;7
1906;838,23;7
1906,5;838,45;7
1907;838,67;7
1907,5;838,89;7
1908;839,11;7
1908,5;839,33;7
1909;839,55;7
1909,5;839,77;7
1910;839,99;7
1910,5;840,21;7
1911;840,43;7
1911,5;840,65;7
1912;840,87;7
1912,5;841,09;7
1913;841,31;7
1913,5;841,53;7
1914;841,75;7
1914,5;841,97;7
1915;842,19;7
1915,5;842,41;7
1916;842,63;7
1916,5;842,85;7
1917;843,07;7
1917,5;843,29;7
1918;843,51;7
1918,5;843,73;7
1919;843,95;7
1919,5;844,17;7
1920;844,39;7
1920,5;844,61;7
1921;844,83;7
1921,5;845,05;7
1922;845,27;7
1922,5;845,49;7
1923;845,71;7
1923,5;845,93;7
1924;846,15;7
1924,5;846,37;7
1925;846,59;7
1925,5;846,81;7
1926;847,03;7
1926,5;847,25;7
1927;847,47;7
1927,5;847,69;7
1928;847,91;7
1928,5;848,13;7
1929;848,35;7
1929,5;848,57;7
1930;848,79;7
1930,5;849,01;7
1931;849,23;7
1931,5;849,45;7
1932;849,67;7
1932,5;849,89;7
1933;850,11;7
1933,5;850,33;7
1934;850,55;7
1934,5;850,77;7
1935;850,99;7
1935,5;851,21;7
1936;851,43;7
1936,5;851,65;7
1937;851,87;7
1937,5;852,09;7
1938;852,31;7
1938,5;852,53;7
1939;852,75;7
1939,5;852,97;7
1940;853,19;7
1940,5;853,41;7
1941;853,63;7
1941,5;853,85;7
1942;854,07;7
1942,5;854,29;7
1943;854,51;7
1943,5;854,73;7
1944;854,95;7
1944,5;855,17;7
1945;855,39;7
1945,5;855,61;7
1946;855,83;7
1946,5;856,05;7
1947;856,27;7
1947,5;856,49;7
1948;856,71;7
1948,5;856,93;7
1949;857,15;7
1949,5;857,37;7
1950;857,59;7
1950,5;857,81;7
1951;858,03;7
1951,5;858,25;7
1952;858,47;7
1952,5;858,69;7
1953;858,91;7
1953,5;859,13;7
1954;859,35;7
1954,5;859,57;7
1955;859,79;7
1955,5;860,01;7
1956;860,23;7
1956,5;860,45;7
1957;860,67;7
1957,5;860,89;7
1958;861,11;7
1958,5;861,33;7
1959;861,55;7
1959,5;861,77;7
1960;861,99;7
1960,5;862,21;7
1961;862,43;7
1961,5;862,65;7
1962;862,87;7
1962,5;863,09;7
1963;863,31;7
1963,5;863,53;7
1964;863,75;7
1964,5;863,97;7
1965;864,19;7
1965,5;864,41;7
1966;864,63;7
1966,5;864,85;7
1967;865,07;7
1967,5;865,29;7
1968;865,51;7
1968,5;865,73;7
1969;865,95;7
1969,5;866,17;7
1970;866,39;7
1970,5;866,61;7
1971;866,83;7
1971,5;867,05;7
1972;867,27;7
1972,5;867,49;7
1973;867,71;7
1973,5;867,93;7
1974;868,15;7
1974,5;868,37;7
1975;868,59;7
1975,5;868,81;7
1976;869,03;7
1976,5;869,25;7
1977;869,47;7
1977,5;869,69;7
1978;869,91;7
1978,5;870,13;7
1979;870,35;7
1979,5;870,57;7
1980;870,79;7
1980,5;871,01;7
1981;871,23;7
1981,5;871,45;7
1982;871,67;7
1982,5;871,89;7
1983;872,11;7
1983,5;872,33;7
1984;872,55;7
1984,5;872,77;7
1985;872,99;7
1985,5;873,21;7
1986;873,43;7
1986,5;873,65;7
1987;873,87;7
1987,5;874,09;7
1988;874,31;7
1988,5;874,53;7
1989;874,75;7
1989,5;874,97;7
1990;875,19;7
1990,5;875,41;7
1991;875,63;7
1991,5;875,85;7
1992;876,07;7
1992,5;876,29;7
1993;876,51;7
1993,5;876,73;7
1994;876,95;7
1994,5;877,17;7
1995;877,39;7
1995,5;877,61;7
1996;877,83;7
1996,5;878,05;7
1997;878,27;7
1997,5;878,49;7
1998;878,71;7
1998,5;878,93;7
1999;879,15;7
1999,5;879,37;7
2000;879,59;7
2000,5;879,81;7
2001;880,03;8
2001,5;880,25;8
2002;880,47;8
2002,5;880,69;8
2003;880,91;8
2003,5;881,13;8
2004;881,35;8
2004,5;881,57;8
2005;881,79;8
2005,5;882,01;8
2006;882,23;8
2006,5;882,45;8
2007;882,67;8
2007,5;882,89;8
2008;883,11;8
2008,5;883,33;8
2009;883,55;8
2009,5;883,77;8
2010;883,99;8
2010,5;884,21;8
2011;884,43;8
2011,5;884,65;8
2012;884,87;8
2012,5;885,09;8
2013;885,31;8
2013,5;885,53;8
2014;885,75;8
2014,5;885,97;8
2015;886,19;8
2015,5;886,41;8
2016;886,63;8
2016,5;886,85;8
2017;887,07;8
2017,5;887,29;8
2018;887,51;8
2018,5;887,73;8
2019;887,95;8
2019,5;888,17;8
2020;888,39;8
2020,5;888,61;8
2021;888,83;8
2021,5;889,05;8
2022;889,27;8
2022,5;889,49;8
2023;889,71;8
2023,5;889,93;8
2024;890,15;8
2024,5;890,37;8
2025;890,59;8
2025,5;890,81;8
2026;891,03;8
2026,5;891,25;8
2027;891,47;8
2027,5;891,69;8
2028;891,91;8
2028,5;892,13;8
2029;892,35;8
2029,5;892,57;8
2030;892,79;8
2030,5;893,01;8
2031;893,23;8
2031,5;893,45;8
2032;893,67;8
2032,5;893,89;8
2033;894,11;8
2033,5;894,33;8
2034;894,55;8
2034,5;894,77;8
2035;894,99;8
2035,5;895,21;8
2036;895,43;8
2036,5;895,65;8
2037;895,87;8
2037,5;896,09;8
2038;896,31;8
2038,5;896,53;8
2039;896,75;8
2039,5;896,97;8
2040;897,19;8
2040,5;897,41;8
2041;897,63;8
2041,5;897,85;8
2042;898,07;8
2042,5;898,29;8
2043;898,51;8
2043,5;898,73;8
2044;898,95;8
2044,5;899,17;8
2045;899,39;8
2045,5;899,61;8
2046;899,83;8
2046,5;900,05;8
2047;900,27;8
2047,5;900,49;8
2048;900,71;8
2048,5;900,93;8
2049;901,15;8
2049,5;901,37;8
2050;901,59;8
2050,5;901,81;8
2051;902,03;8
2051,5;902,25;8
2052;902,47;8
2052,5;902,69;8
2053;902,91;8
2053,5;903,13;8
2054;903,35;8
2054,5;903,57;8
2055;903,79;8
2055,5;904,01;8
2056;904,23;8
2056,5;904,45;8
2057;904,67;8
2057,5;904,89;8
2058;905,11;8
2058,5;905,33;8
2059;905,55;8
2059,5;905,77;8
2060;905,99;8
2060,5;906,21;8
2061;906,43;8
2061,5;906,65;8
2062;906,87;8
2062,5;907,09;8
2063;907,31;8
2063,5;907,53;8
2064;907,75;8
2064,5;907,97;8
2065;908,19;8
2065,5;908,41;8
2066;908,63;8
2066,5;908,85;8
2067;909,07;8
2067,5;909,29;8
2068;909,51;8
2068,5;909,73;8
2069;909,95;8
2069,5;910,17;8
2070;910,39;8
2070,5;910,61;8
2071;910,83;8
2071,5;911,05;8
2072;911,27;8
2072,5;911,49;8
2073;911,71;8
2073,5;911,93;8
2074;912,15;8
2074,5;912,37;8
2075;912,59;8
2075,5;912,81;8
2076;913,03;8
2076,5;913,25;8
2077;913,47;8
2077,5;913,69;8
2078;913,91;8
2078,5;914,13;8
2079;914,35;8
2079,5;914,57;8
2080;914,79;8
2080,5;915,01;8
2081;915,23;8
2081,5;915,45;8
2082;915,67;8
2082,5;915,89;8
2083;916,11;8
2083,5;916,33;8
2084;916,55;8
2084,5;916,77;8
2085;916,99;8
2085,5;917,21;8
2086;917,43;8
2086,5;917,65;8
2087;917,87;8
2087,5;918,09;8
2088;918,31;8
2088,5;918,53;8
2089;918,75;8
2089,5;918,97;8
2090;919,19;8
2090,5;919,41;8
2091;919,63;8
2091,5;919,85;8
2092;920,07;8
2092,5;920,29;8
2093;920,51;8
2093,5;920,73;8
2094;920,95;8
2094,5;921,17;8
2095;921,39;8
2095,5;921,61;8
2096;921,83;8
2096,5;922,05;8
2097;922,27;8
2097,5;922,49;8
2098;922,71;8
2098,5;922,93;8
2099;923,15;8
2099,5;923,37;8
2100;923,59;8
2100,5;923,81;8
2101;924,03;8
2101,5;924,25;8
2102;924,47;8
2102,5;924,69;8
2103;924,91;8
2103,5;925,13;8
2104;925,35;8
2104,5;925,57;8
2105;925,79;8
2105,5;926,01;8
2106;926,23;8
2106,5;926,45;8
2107;926,67;8
2107,5;926,89;8
2108;927,11;8
2108,5;927,33;8
2109;927,55;8
2109,5;927,77;8
2110;927,99;8
2110,5;928,21;8
2111;928,43;8
2111,5;928,65;8
2112;928,87;8
2112,5;929,09;8
2113;929,31;8
2113,5;929,53;8
2114;929,75;8
2114,5;929,97;8
2115;930,19;8
2115,5;930,41;8
2116;930,63;8
2116,5;930,85;8
2117;931,07;8
2117,5;931,29;8
2118;931,51;8
2118,5;931,73;8
2119;931,95;8
2119,5;932,17;8
2120;932,39;8
2120,5;932,61;8
2121;932,83;8
2121,5;933,05;8
2122;933,27;8
2122,5;933,49;8
2123;933,71;8
2123,5;933,93;8
2124;934,15;8
2124,5;934,37;8
2125;934,59;8
2125,5;934,81;8
2126;935,03;8
2126,5;935,25;8
2127;935,47;8
2127,5;935,69;8
2128;935,91;8
2128,5;936,13;8
2129;936,35;8
2129,5;936,57;8
2130;936,79;8
2130,5;937,01;8
2131;937,23;8
2131,5;937,45;8
2132;937,67;8
2132,5;937,89;8
2133;938,11;8
2133,5;938,33;8
2134;938,55;8
2134,5;938,77;8
2135;938,99;8
2135,5;939,21;8
2136;939,43;8
2136,5;939,65;8
2137;939,87;8
2137,5;940,09;8
2138;940,31;8
2138,5;940,53;8
2139;940,75;8
2139,5;940,97;8
2140;941,19;8
2140,5;941,41;8
2141;941,63;8
2141,5;941,85;8
2142;942,07;8
2142,5;942,29;8
2143;942,51;8
2143,5;942,73;8
2144;942,95;8
2144,5;943,17;8
2145;943,39;8
2145,5;943,61;8
2146;943,83;8
2146,5;944,05;8
2147;944,27;8
2147,5;944,49;8
2148;944,71;8
2148,5;944,93;8
2149;945,15;8
2149,5;945,37;8
2150;945,59;8
2150,5;945,81;8
2151;946,03;8
2151,5;946,25;8
2152;946,47;8
2152,5;946,69;8
2153;946,91;8
2153,5;947,13;8
2154;947,35;8
2154,5;947,57;8
2155;947,79;8
2155,5;948,01;8
2156;948,23;8
2156,5;948,45;8
2157;948,67;8
2157,5;948,89;8
2158;949,11;8
2158,5;949,33;8
2159;949,55;8
2159,5;949,77;8
2160;949,99;8
2160,5;950,21;8
2161;950,43;8
2161,5;950,65;8
2162;950,87;8
2162,5;951,09;8
2163;951,31;8
2163,5;951,53;8
2164;951,75;8
2164,5;951,97;8
2165;952,19;8
2165,5;952,41;8
2166;952,63;8
2166,5;952,85;8
2167;953,07;8
2167,5;953,29;8
2168;953,51;8
2168,5;953,73;8
2169;953,95;8
2169,5;954,17;8
2170;954,39;8
2170,5;954,61;8
2171;954,83;8
2171,5;955,05;8
2172;955,27;8
2172,5;955,49;8
2173;955,71;8
2173,5;955,93;8
2174;956,15;8
2174,5;956,37;8
2175;956,59;8
2175,5;956,81;8
2176;957,03;8
2176,5;957,25;8
2177;957,47;8
2177,5;957,69;8
2178;957,91;8
2178,5;958,13;8
2179;958,35;8
2179,5;958,57;8
2180;958,79;8
2180,5;959,01;8
2181;959,23;8
2181,5;959,45;8
2182;959,67;8
2182,5;959,89;8
2183;960,11;8
2183,5;960,33;8
2184;960,55;8
2184,5;960,77;8
2185;960,99;8
2185,5;961,21;8
2186;961,43;8
2186,5;961,65;8
2187;961,87;8
2187,5;962,09;8
2188;962,31;8
2188,5;962,53;8
2189;962,75;8
2189,5;962,97;8
2190;963,19;8
2190,5;963,41;8
2191;963,63;8
2191,5;963,85;8
2192;964,07;8
2192,5;964,29;8
2193;964,51;8
2193,5;964,73;8
2194;964,95;8
2194,5;965,17;8
2195;965,39;8
2195,5;965,61;8
2196;965,83;8
2196,5;966,05;8
2197;966,27;8
2197,5;966,49;8
2198;966,71;8
2198,5;966,93;8
2199;967,15;8
2199,5;967,37;8
2200;967,59;8
2200,5;967,81;8
2201;968,03;8
2201,5;968,25;8
2202;968,47;8
2202,5;968,69;8
2203;968,91;8
2203,5;969,13;8
2204;969,35;8
2204,5;969,57;8
2205;969,79;8
2205,5;970,01;8
2206;970,23;8
2206,5;970,45;8
2207;970,67;8
2207,5;970,89;8
2208;971,11;8
2208,5;971,33;8
2209;971,55;8
2209,5;971,77;8
2210;971,99;8
2210,5;972,21;8
2211;972,43;8
2211,5;972,65;8
2212;972,87;8
2212,5;973,09;8
2213;973,31;8
2213,5;973,53;8
2214;973,75;8
2214,5;973,97;8
2215;974,19;8
2215,5;974,41;8
2216;974,63;8
2216,5;974,85;8
2217;975,07;8
2217,5;975,29;8
2218;975,51;8
2218,5;975,73;8
2219;975,95;8
2219,5;976,17;8
2220;976,39;8
2220,5;976,61;8
2221;976,83;8
2221,5;977,05;8
2222;977,27;8
2222,5;977,49;8
2223;977,71;8
2223,5;977,93;8
2224;978,15;8
2224,5;978,37;8
2225;978,59;8
2225,5;978,81;8
2226;979,03;8
2226,5;979,25;8
2227;979,47;8
2227,5;979,69;8
2228;979,91;8
2228,5;980,13;8
2229;980,35;8
2229,5;980,57;8
2230;980,79;8
2230,5;981,01;8
2231;981,23;8
2231,5;981,45;8
2232;981,67;8
2232,5;981,89;8
2233;982,11;8
2233,5;982,33;8
2234;982,55;8
2234,5;982,77;8
2235;982,99;8
2235,5;983,21;8
2236;983,43;8
2236,5;983,65;8
2237;983,87;8
2237,5;984,09;8
2238;984,31;8
2238,5;984,53;8
2239;984,75;8
2239,5;984,97;8
2240;985,19;8
2240,5;985,41;8
2241;985,63;8
2241,5;985,85;8
2242;986,07;8
2242,5;986,29;8
2243;986,51;8
2243,5;986,73;8
2244;986,95;8
2244,5;987,17;8
2245;987,39;8
2245,5;987,61;8
2246;987,83;8
2246,5;988,05;8
2247;988,27;8
2247,5;988,49;8
2248;988,71;8
2248,5;988,93;8
2249;989,15;8
2249,5;989,37;8
2250;989,59;8
2250,5;989,81;8
2251;990,03;9
2251,5;990,25;9
2252;990,47;9
2252,5;990,69;9
2253;990,91;9
2253,5;991,13;9
2254;991,35;9
2254,5;991,57;9
2255;991,79;9
2255,5;992,01;9
2256;992,23;9
2256,5;992,45;9
2257;992,67;9
2257,5;992,89;9
2258;993,11;9
2258,5;993,33;9
2259;993,55;9
2259,5;993,77;9
2260;993,99;9
2260,5;994,21;9
2261;994,43;9
2261,5;994,65;9
2262;994,87;9
2262,5;995,09;9
2263;995,31;9
2263,5;995,53;9
2264;995,75;9
2264,5;995,97;9
2265;996,19;9
2265,5;996,41;9
2266;996,63;9
2266,5;996,85;9
2267;997,07;9
2267,5;997,29;9
2268;997,51;9
2268,5;997,73;9
2269;997,95;9
2269,5;998,17;9
2270;998,39;9
2270,5;998,61;9
2271;998,83;9
2271,5;999,05;9
2272;999,27;9
2272,5;999,49;9
2273;999,71;9
2273,5;999,93;9
2274;1000,15;9
2274,5;1000,37;9
2275;1000,59;9
2275,5;1000,81;9
2276;1001,03;9
2276,5;1001,25;9
2277;1001,47;9
2277,5;1001,69;9
2278;1001,91;9
2278,5;1002,13;9
2279;1002,35;9
2279,5;1002,57;9
2280;1002,79;9
2280,5;1003,01;9
2281;1003,23;9
2281,5;1003,45;9
2282;1003,67;9
2282,5;1003,89;9
2283;1004,11;9
2283,5;1004,33;9
2284;1004,55;9
2284,5;1004,77;9
2285;1004,99;9
2285,5;1005,21;9
2286;1005,43;9
2286,5;1005,65;9
2287;1005,87;9
2287,5;1006,09;9
2288;1006,31;9
2288,5;1006,53;9
2289;1006,75;9
2289,5;1006,97;9
2290;1007,19;9
2290,5;1007,41;9
2291;1007,63;9
2291,5;1007,85;9
2292;1008,07;9
2292,5;1008,29;9
2293;1008,51;9
2293,5;1008,73;9
2294;1008,95;9
2294,5;1009,17;9
2295;1009,39;9
2295,5;1009,61;9
2296;1009,83;9
2296,5;1010,05;9
2297;1010,27;9
2297,5;1010,49;9
2298;1010,71;9
2298,5;1010,93;9
2299;1011,15;9
2299,5;1011,37;9
2300;1011,59;9
2300,5;1011,81;9
2301;1012,03;9
2301,5;1012,25;9
2302;1012,47;9
2302,5;1012,69;9
2303;1012,91;9
2303,5;1013,13;9
2304;1013,35;9
2304,5;1013,57;9
2305;1013,79;9
2305,5;1014,01;9
2306;1014,23;9
2306,5;1014,45;9
2307;1014,67;9
2307,5;1014,89;9
2308;1015,11;9
2308,5;1015,33;9
2309;1015,55;9
2309,5;1015,77;9
2310;1015,99;9
2310,5;1016,21;9
2311;1016,43;9
2311,5;1016,65;9
2312;1016,87;9
2312,5;1017,09;9
2313;1017,31;9
2313,5;1017,53;9
2314;1017,75;9
2314,5;1017,97;9
2315;1018,19;9
2315,5;1018,41;9
2316;1018,63;9
2316,5;1018,85;9
2317;1019,07;9
2317,5;1019,29;9
2318;1019,51;9
2318,5;1019,73;9
2319;1019,95;9
2319,5;1020,17;9
2320;1020,39;9
2320,5;1020,61;9
2321;1020,83;9
2321,5;1021,05;9
2322;1021,27;9
2322,5;1021,49;9
2323;1021,71;9
2323,5;1021,93;9
2324;1022,15;9
2324,5;1022,37;9
2325;1022,59;9
2325,5;1022,81;9
2326;1023,03;9
2326,5;1023,25;9
2327;1023,47;9
2327,5;1023,69;9
2328;1023,91;9
2328,5;1024,13;9
2329;1024,35;9
2329,5;1024,57;9
2330;1024,79;9
2330,5;1025,01;9
2331;1025,23;9
2331,5;1025,45;9
2332;1025,67;9
2332,5;1025,89;9
2333;1026,11;9
2333,5;1026,33;9
2334;1026,55;9
2334,5;1026,77;9
2335;1026,99;9
2335,5;1027,21;9
2336;1027,43;9
2336,5;1027,65;9
2337;1027,87;9
2337,5;1028,09;9
2338;1028,31;9
2338,5;1028,53;9
2339;1028,75;9
2339,5;1028,97;9
2340;1029,19;9
2340,5;1029,41;9
2341;1029,63;9
2341,5;1029,85;9
2342;1030,07;9
2342,5;1030,29;9
2343;1030,51;9
2343,5;1030,73;9
2344;1030,95;9
2344,5;1031,17;9
2345;1031,39;9
2345,5;1031,61;9
2346;1031,83;9
2346,5;1032,05;9
2347;1032,27;9
2347,5;1032,49;9
2348;1032,71;9
2348,5;1032,93;9
2349;1033,15;9
2349,5;1033,37;9
2350;1033,59;9
2350,5;1033,81;9
2351;1034,03;9
2351,5;1034,25;9
2352;1034,47;9
2352,5;1034,69;9
2353;1034,91;9
2353,5;1035,13;9
2354;1035,35;9
2354,5;1035,57;9
2355;1035,79;9
2355,5;1036,01;9
2356;1036,23;9
2356,5;1036,45;9
2357;1036,67;9
2357,5;1036,89;9
2358;1037,11;9
2358,5;1037,33;9
2359;1037,55;9
2359,5;1037,77;9
2360;1037,99;9
2360,5;1038,21;9
2361;1038,43;9
2361,5;1038,65;9
2362;1038,87;9
2362,5;1039,09;9
2363;1039,31;9
2363,5;1039,53;9
2364;1039,75;9
2364,5;1039,97;9
2365;1040,19;9
2365,5;1040,41;9
2366;1040,63;9
2366,5;1040,85;9
2367;1041,07;9
2367,5;1041,29;9
2368;1041,51;9
2368,5;1041,73;9
2369;1041,95;9
2369,5;1042,17;9
2370;1042,39;9
2370,5;1042,61;9
2371;1042,83;9
2371,5;1043,05;9
2372;1043,27;9
2372,5;1043,49;9
2373;1043,71;9
2373,5;1043,93;9
2374;1044,15;9
2374,5;1044,37;9
2375;1044,59;9
2375,5;1044,81;9
2376;1045,03;9
2376,5;1045,25;9
2377;1045,47;9
2377,5;1045,69;9
2378;1045,91;9
2378,5;1046,13;9
2379;1046,35;9
2379,5;1046,57;9
2380;1046,79;9
2380,5;1047,01;9
2381;1047,23;9
2381,5;1047,45;9
2382;1047,67;9
2382,5;1047,89;9
2383;1048,11;9
2383,5;1048,33;9
2384;1048,55;9
2384,5;1048,77;9
2385;1048,99;9
2385,5;1049,21;9
2386;1049,43;9
2386,5;1049,65;9
2387;1049,87;9
2387,5;1050,09;9
2388;1050,31;9
2388,5;1050,53;9
2389;1050,75;9
2389,5;1050,97;9
2390;1051,19;9
2390,5;1051,41;9
2391;1051,63;9
2391,5;1051,85;9
2392;1052,07;9
2392,5;1052,29;9
2393;1052,51;9
2393,5;1052,73;9
2394;1052,95;9
2394,5;1053,17;9
2395;1053,39;9
2395,5;1053,61;9
2396;1053,83;9
2396,5;1054,05;9
2397;1054,27;9
2397,5;1054,49;9
2398;1054,71;9
2398,5;1054,93;9
2399;1055,15;9
2399,5;1055,37;9
2400;1055,59;9
2400,5;1055,81;9
2401;1056,03;9
2401,5;1056,25;9
2402;1056,47;9
2402,5;1056,69;9
2403;1056,91;9
2403,5;1057,13;9
2404;1057,35;9
2404,5;1057,57;9
2405;1057,79;9
2405,5;1058,01;9
2406;1058,23;9
2406,5;1058,45;9
2407;1058,67;9
2407,5;1058,89;9
2408;1059,11;9
2408,5;1059,33;9
2409;1059,55;9
2409,5;1059,77;9
2410;1059,99;9
2410,5;1060,21;9
2411;1060,43;9
2411,5;1060,65;9
2412;1060,87;9
2412,5;1061,09;9
2413;1061,31;9
2413,5;1061,53;9
2414;1061,75;9
2414,5;1061,97;9
2415;1062,19;9
2415,5;1062,41;9
2416;1062,63;9
2416,5;1062,85;9
2417;1063,07;9
2417,5;1063,29;9
2418;1063,51;9
2418,5;1063,73;9
2419;1063,95;9
2419,5;1064,17;9
2420;1064,39;9
2420,5;1064,61;9
2421;1064,83;9
2421,5;1065,05;9
2422;1065,27;9
2422,5;1065,49;9
2423;1065,71;9
2423,5;1065,93;9
2424;1066,15;9
2424,5;1066,37;9
2425;1066,59;9
2425,5;1066,81;9
2426;1067,03;9
2426,5;1067,25;9
2427;1067,47;9
2427,5;1067,69;9
2428;1067,91;9
2428,5;1068,13;9
2429;1068,35;9
2429,5;1068,57;9
2430;1068,79;9
2430,5;1069,01;9
2431;1069,23;9
2431,5;1069,45;9
2432;1069,67;9
2432,5;1069,89;9
2433;1070,11;9
2433,5;1070,33;9
2434;1070,55;9
2434,5;1070,77;9
2435;1070,99;9
2435,5;1071,21;9
2436;1071,43;9
2436,5;1071,65;9
2437;1071,87;9
2437,5;1072,09;9
2438;1072,31;9
2438,5;1072,53;9
2439;1072,75;9
2439,5;1072,97;9
2440;1073,19;9
2440,5;1073,41;9
2441;1073,63;9
2441,5;1073,85;9
2442;1074,07;9
2442,5;1074,29;9
2443;1074,51;9
2443,5;1074,73;9
2444;1074,95;9
2444,5;1075,17;9
2445;1075,39;9
2445,5;1075,61;9
2446;1075,83;9
2446,5;1076,05;9
2447;1076,27;9
2447,5;1076,49;9
2448;1076,71;9
2448,5;1076,93;9
2449;1077,15;9
2449,5;1077,37;9
2450;1077,59;9
2450,5;1077,81;9
2451;1078,03;9
2451,5;1078,25;9
2452;1078,47;9
2452,5;1078,69;9
2453;1078,91;9
2453,5;1079,13;9
2454;1079,35;9
2454,5;1079,57;9
2455;1079,79;9
2455,5;1080,01;9
2456;1080,23;9
2456,5;1080,45;9
2457;1080,67;9
2457,5;1080,89;9
2458;1081,11;9
2458,5;1081,33;9
2459;1081,55;9
2459,5;1081,77;9
2460;1081,99;9
2460,5;1082,21;9
2461;1082,43;9
2461,5;1082,65;9
2462;1082,87;9
2462,5;1083,09;9
2463;1083,31;9
2463,5;1083,53;9
2464;1083,75;9
2464,5;1083,97;9
2465;1084,19;9
2465,5;1084,41;9
2466;1084,63;9
2466,5;1084,85;9
2467;1085,07;9
2467,5;1085,29;9
2468;1085,51;9
2468,5;1085,73;9
2469;1085,95;9
2469,5;1086,17;9
2470;1086,39;9
2470,5;1086,61;9
2471;1086,83;9
2471,5;1087,05;9
2472;1087,27;9
2472,5;1087,49;9
2473;1087,71;9
2473,5;1087,93;9
2474;1088,15;9
2474,5;1088,37;9
2475;1088,59;9
2475,5;1088,81;9
2476;1089,03;9
2476,5;1089,25;9
2477;1089,47;9
2477,5;1089,69;9
2478;1089,91;9
2478,5;1090,13;9
2479;1090,35;9
2479,5;1090,57;9
2480;1090,79;9
2480,5;1091,01;9
2481;1091,23;9
2481,5;1091,45;9
2482;1091,67;9
2482,5;1091,89;9
2483;1092,11;9
2483,5;1092,33;9
2484;1092,55;9
2484,5;1092,77;9
2485;1092,99;9
2485,5;1093,21;9
2486;1093,43;9
2486,5;1093,65;9
2487;1093,87;9
2487,5;1094,09;9
2488;1094,31;9
2488,5;1094,53;9
2489;1094,75;9
2489,5;1094,97;9
2490;1095,19;9
2490,5;1095,41;9
2491;1095,63;9
2491,5;1095,85;9
2492;1096,07;9
2492,5;1096,29;9
2493;1096,51;9
2493,5;1096,73;9
2494;1096,95;9
2494,5;1097,17;9
2495;1097,39;9
2495,5;1097,61;9
2496;1097,83;9
2496,5;1098,05;9
2497;1098,27;9
2497,5;1098,49;9
2498;1098,71;9
2498,5;1098,93;9
2499;1099,15;9
2499,5;1099,37;9
2500;1099,59;9
2500,5;1099,81;9
