Отбор...;
1;50,96014394
2;48,19957674
3;48,2918005
4;46,64485243
5;48,75198156
6;52,57755776
7;48,08277619
8;52,67932397
9;49,7009884
10;49,292263
11;49,4186219
12;46,45195128
13;53,16463886
14;52,14859414
15;50,19773026
16;47,54554658
17;48,18764181
18;48,8304606
19;51,59677399
20;51,24014018
21;50,20502284
22;50,86298919
23;46,04340756
24;52,16385924
25;48,8481233
26;49,89681116
27;50,10768235
28;46,89657601
29;50,9120773
30;45,77141274
31;51,41716313
32;49,32938299
33;50,06119428
34;49,69379408
35;47,50732626
36;52,01790737
37;49,15936536
38;50,80108464
39;53,08666125
40;48,83006231
41;50,28102541
42;49,15936822
43;51,84086057
44;52,55668605
45;47,75292493
46;49,51670128
47;49,26697091
48;44,91396508
49;52,14516278
50;48,77305164
51;47,4600775
52;47,31495221
53;51,94835018
54;51,68624119
55;49,77060068
56;46,89124469
57;48,87496627
58;49,03432141
59;49,56264115
60;50,89750378
61;48,28331921
62;47,15067275
63;49,8105754
64;47,41963532
65;49,78601596
66;47,73663704
67;49,27156486
68;46,57736817
69;48,25965197
70;49,09575959
71;48,65669192
72;47,76925407
73;48,06241557
74;51,91313533
75;52,27134389
76;50,80235593
77;50,64188709
78;52,06127675
79;48,13604246
80;54,36450321
81;52,26707017
82;50,40572142
83;49,82338862
84;46,4864192
85;51,12277193
86;50,33548302
87;52,01925706
88;50,72846378
89;50,39036486
90;50,63532778
91;51,46660087
92;51,10332879
93;50,07303593
94;53,08583009
95;47,91179524
96;48,16939074
97;50,14180301
98;52,06354107
99;47,30943242
100;49,04514391
== 100;
Скрещивание...;
101;48,04345077
102;50,78272287
103;49,92999968
104;51,60876956
105;47,10712605
106;48,9956057
107;51,39504146
108;49,29200934
109;48,35084001
110;49,64406896
111;50,23366226
112;47,08693646
113;51,15485649
114;48,97105968
115;50,61397512
116;50,79445121
117;48,22110146
118;51,11291046
119;52,13948152
120;50,45558949
121;50,61890847
122;51,08419087
123;49,68214572
124;48,30934436
125;50,28490086
126;50,36029106
127;50,38590669
128;48,94105054
129;49,8705018
130;46,7430043
131;52,12505075
132;51,81093479
133;48,2084042
134;52,75470502
135;49,45960454
136;48,14593879
137;47,0333605
138;50,80485949
139;52,0222107
140;50,20311631
141;50,56361314
142;49,44704141
143;50,53577678
144;48,65758182
145;46,86463581
146;45,62227459
147;50,30329074
148;50,84643159
149;46,99071841
150;48,1702604
151;51,08276804
152;50,51560853
153;51,18522564
154;50,29348533
155;50,68864098
156;52,16105206
157;48,78532103
158;47,41706129
159;51,99147731
160;50,79512087
161;50,67481406
162;49,42694217
163;50,84921234
164;52,45282146
165;48,8859479
166;47,29795977
167;52,49405419
168;51,71031087
169;47,39171716
170;49,48542982
171;48,74002179
172;49,36440655
173;49,9131501
174;52,2090265
175;47,35232638
176;50,97230714
177;50,69883043
178;47,49261886
179;52,16554238
180;48,39029455
181;49,28099811
182;48,62908329
183;48,52380786
184;49,04014143
185;49,27307758
186;50,14909697
187;48,43578093
188;46,76062565
189;51,02698007
190;49,91061092
191;48,48786673
192;50,43150054
193;50,4592212
194;50,97308608
195;50,60803148
196;50,12358609
197;47,65476427
198;50,44823276
199;48,94433946
200;50,02738324
Population 1;
Отбор лучших...;
Скрещивание...;
101;48,33471818
102;51,63675243
103;49,38866463
104;51,99981573
105;51,97094728
106;53,89216775
107;52,84991609
108;50,16710856
109;49,46395256
110;50,04579866
111;50,05769265
112;49,70898774
113;50,074912
114;52,13094228
115;50,21222798
116;50,71446055
117;50,13694102
118;51,91932551
119;51,64185104
120;51,04996369
121;50,57190075
122;51,28967264
123;50,38811663
124;53,93551936
125;50,15778576
126;49,94619726
127;51,28492657
128;49,9591791
129;51,42725188
130;51,11387433
131;48,73195993
132;50,22139996
133;51,27754777
134;49,72198844
135;50,99502637
136;52,3694248
137;47,33512581
138;50,7282408
139;50,26370772
140;48,83675956
141;53,3951905
142;52,41763545
143;52,58350692
144;51,78584576
145;51,24755678
146;50,88471458
147;50,06873577
148;49,1957372
149;50,19061921
150;49,23521741
151;51,29403734
152;51,76977358
153;50,94067718
154;50,94494205
155;49,69646573
156;51,23499562
157;48,09123146
158;50,95375151
159;51,41893163
160;50,04741418
161;52,33554752
162;51,40088731
163;52,33214092
164;49,72301847
165;53,27822701
166;53,04583617
167;48,83837778
168;50,03675117
169;50,7803496
170;50,62153677
171;51,4868332
172;47,06110496
173;51,60435593
174;48,79787785
175;48,26042976
176;50,59647191
177;50,17835578
178;50,05085763
179;50,53202349
180;52,06630979
181;49,07131155
182;51,82470644
183;51,52416898
184;50,42889468
185;50,45054469
186;48,73113329
187;50,19708605
188;48,04556545
189;51,23494954
190;51,01000839
191;50,75328159
192;50,76719015
193;52,35347901
194;51,45034025
195;48,29291789
196;51,95313093
197;50,47107497
198;52,67725946
199;50,35843668
200;51,51432942
Population 2;
Отбор лучших...;
Скрещивание...;
101;50,63076861
102;47,35837048
103;50,43374948
104;52,5905833
105;52,01375364
106;51,19981493
107;53,18523973
108;52,69774866
109;52,50619612
110;52,76568815
111;52,37040526
112;51,13638971
113;50,85674458
114;49,12889928
115;49,78802052
116;50,15039281
117;53,22701047
118;50,64599713
119;51,1075925
120;50,115767
121;51,38351655
122;50,32365573
123;49,60935421
124;50,17845057
125;50,89186905
126;50,73563172
127;52,24591638
128;52,26898752
129;49,13309533
130;49,65524504
131;52,46477641
132;52,7515051
133;48,91877781
134;49,9025044
135;52,65520272
136;50,13688842
137;50,29702528
138;52,58565582
139;49,48973003
140;50,81109435
141;50,11141039
142;48,76713867
143;50,60661957
144;51,86747604
145;48,91654682
146;50,59174257
147;50,30513711
148;51,2500084
149;51,63210131
150;52,40699331
151;50,45930617
152;52,83961149
153;50,70275891
154;50,06688112
155;51,89405772
156;51,33225671
157;50,27627108
158;50,8504976
159;49,90669374
160;50,90974143
161;50,15997633
162;51,43476699
163;50,89915457
164;50,75385474
165;51,27648251
166;51,59193793
167;51,6493933
168;48,58766646
169;50,2731869
170;48,82683104
171;49,35815342
172;49,99267686
173;50,64365639
174;47,80900215
175;50,03089589
176;51,53381729
177;51,58906966
178;51,69942359
179;50,39112913
180;50,86752919
181;50,81174882
182;52,00588075
183;52,08949568
184;50,75850029
185;49,59834964
186;49,96948633
187;50,60107779
188;51,18773203
189;51,4733452
190;52,73443616
191;49,06077934
192;50,9737743
193;50,39332577
194;52,40772127
195;51,94324056
196;50,76392115
197;51,39214653
198;51,36043039
199;52,63640728
200;51,14452023
Population 3;
Отбор лучших...;
Скрещивание...;
101;50,41663901
102;52,34405329
103;49,20084491
104;50,96394902
105;50,04136289
106;52,05720095
107;50,6480242
108;49,92112984
109;51,87770936
110;50,98880676
111;50,66774979
112;51,14788329
113;52,86805036
114;52,5597264
115;49,66882656
116;50,88986747
117;49,91321465
118;51,26903537
119;52,37063533
120;51,13679032
121;51,68216614
122;51,82254745
123;48,58985762
124;51,21345774
125;49,23879199
126;49,19807029
127;51,4480899
128;50,91655683
129;51,310183
130;52,13901358
131;49,11119856
132;52,49472996
133;49,77002193
134;50,98559565
135;52,55654701
136;49,31910741
137;51,72121972
138;50,79039725
139;49,91551926
140;50,84600473
141;50,5864415
142;52,22382924
143;51,40562042
144;50,30668357
145;50,50889681
146;52,12775301
147;52,27974722
148;48,83468515
149;51,74529362
150;50,23542493
151;52,79831408
152;51,96885101
153;51,69743955
154;52,26854196
155;52,63992
156;50,9732624
157;51,87405062
158;51,26316786
159;50,43635807
160;52,02941134
161;51,61059886
162;48,31048763
163;51,084859
164;51,56436327
165;51,10240015
166;50,09913697
167;51,42342282
168;52,13523797
169;51,81303503
170;52,19690775
171;51,72659532
172;51,20037671
173;50,61827313
174;50,81301792
175;49,21781509
176;50,64352473
177;51,48749422
178;50,98064489
179;50,82046215
180;49,74879731
181;49,03378994
182;50,63413267
183;51,34775208
184;52,34319859
185;50,46188528
186;50,35488885
187;54,10963925
188;52,12055314
189;53,07281184
190;50,06582917
191;51,25877699
192;50,52906106
193;50,51799545
194;51,28145153
195;52,27287422
196;52,67971843
197;52,03919435
198;48,95931065
199;49,88608373
200;50,9658927
Population 4;
Отбор лучших...;
Скрещивание...;
101;50,92427421
102;52,19623963
103;51,56087453
104;53,29621349
105;52,21746695
106;52,09914142
107;51,12838548
108;53,18192769
109;52,28430213
110;50,61568977
111;50,77557368
112;51,39746651
113;51,79041535
114;51,1817995
115;49,20938886
116;51,24759925
117;50,58574832
118;50,74718065
119;52,18006973
120;50,53826345
121;51,52922534
122;51,12465348
123;49,86790906
124;51,65720772
125;49,68605464
126;51,15085667
127;50,3510963
128;50,15432338
129;51,66406078
130;50,22121588
131;48,12670761
132;49,77116223
133;48,83303907
134;50,59650179
135;51,29459848
136;49,35676777
137;52,78451479
138;48,75223329
139;51,37090295
140;52,39248227
141;52,66660752
142;52,282467
143;52,51218858
144;51,66642965
145;53,54657604
146;51,06149016
147;52,2621279
148;50,53342789
149;49,28739394
150;52,11898809
151;51,04523124
152;50,43227515
153;51,41041153
154;51,96147131
155;52,50394023
156;52,32813825
157;51,54995976
158;50,37154815
159;49,14272702
160;52,58372831
161;50,04529335
162;50,19457227
163;51,90006906
164;52,55401263
165;50,66032035
166;49,37962019
167;51,743932
168;53,09298043
169;52,19559696
170;50,16923876
171;51,23755028
172;51,34541473
173;51,18115674
174;50,35765546
175;50,53686566
176;53,8287773
177;51,02399584
178;50,24394281
179;51,34332336
180;51,04865189
181;54,17925939
182;52,97530993
183;50,65579578
184;51,21013422
185;50,74138241
186;51,04051779
187;49,39251677
188;49,99145364
189;50,23952574
190;50,41375514
191;49,88063331
192;53,05097248
193;53,29706893
194;50,98724389
195;51,5552048
196;51,02336229
197;50,88853104
198;52,48034919
199;51,07326393
200;52,72680968
Population 5;
Отбор лучших...;
Скрещивание...;
101;52,39105521
102;53,24864671
103;51,60764704
104;53,85249478
105;51,51919956
106;52,56675688
107;53,26069832
108;50,92190828
109;51,54688496
110;51,75046311
111;50,74499391
112;50,78586044
113;50,79362355
114;50,40280426
115;53,7491778
116;49,76426942
117;50,40548045
118;51,10375603
119;49,5880378
120;53,41803732
121;49,34066515
122;53,53570129
123;50,50438814
124;50,29719864
125;51,64674157
126;51,26103415
127;51,12260128
128;53,08297947
129;53,03716501
130;51,73658193
131;52,61725076
132;51,82213368
133;52,19599236
134;53,30476878
135;50,93146642
136;51,53151593
137;51,48717753
138;51,66509404
139;51,68183748
140;52,49098777
141;52,87423755
142;49,31549103
143;50,85799845
144;49,17786912
145;50,34769778
146;49,98461857
147;49,90879204
148;51,28343852
149;51,68248113
150;51,06838816
151;51,45558516
152;50,73598218
153;51,09907959
154;51,47895933
155;51,86729842
156;50,7069485
157;52,97045735
158;53,11203639
159;51,60483907
160;52,88872915
161;51,86320738
162;51,25047647
163;51,33076589
164;53,31071704
165;50,41625027
166;52,40827468
167;52,14866391
168;50,14636835
169;52,29084161
170;52,39408254
171;52,66764478
172;49,05293446
173;50,95307632
174;49,03916611
175;52,47735562
176;52,70266158
177;49,98692377
178;53,09421128
179;53,36570609
180;52,75864481
181;52,7775346
182;53,04885688
183;50,91129856
184;52,05432422
185;50,33721233
186;52,78203065
187;50,12589704
188;51,68952268
189;51,67694458
190;52,99518538
191;53,30711507
192;51,95221113
193;51,98081784
194;50,78171057
195;52,5218139
196;52,5941103
197;52,03809066
198;51,69916857
199;51,993372
200;53,39202474
Population 6;
Отбор лучших...;
Скрещивание...;
101;52,17033964
102;51,41073601
103;51,18564153
104;51,86975269
105;53,04559555
106;52,87289351
107;51,45605903
108;52,42987156
109;51,00437695
110;52,65308945
111;50,82218673
112;49,76989531
113;53,47187295
114;53,64834696
115;51,58321956
116;52,16618332
117;51,71422592
118;50,75218177
119;50,82788941
120;51,79966716
121;53,5416356
122;52,41792645
123;52,46025223
124;48,358161
125;50,99991702
126;51,9661321
127;50,46552865
128;51,98690424
129;51,74509334
130;52,14270504
131;51,60962688
132;49,33466209
133;49,83713729
134;52,38103464
135;51,29151778
136;51,14261173
137;53,08544117
138;51,72861335
139;50,17412873
140;51,36371139
141;50,3384721
142;53,40666315
143;52,75266903
144;52,74861686
145;52,37369014
146;50,99510229
147;48,94852621
148;49,2442721
149;51,21784389
150;50,93019729
151;53,73818053
152;51,99829563
153;52,66005253
154;53,51900774
155;53,67086012
156;51,59883102
157;52,8977955
158;53,31280599
159;52,48221857
160;52,72303296
161;52,73064808
162;53,3410246
163;52,42206121
164;51,5790866
165;50,58004913
166;51,14984448
167;51,81060622
168;50,67002605
169;51,17195395
170;53,69559455
171;50,0008599
172;53,61944802
173;51,86051376
174;53,86275697
175;50,63919877
176;51,17499252
177;51,97842497
178;53,90836195
179;50,85348259
180;52,71403547
181;53,08341349
182;52,06604985
183;53,02205097
184;50,56467807
185;51,57319084
186;49,57559281
187;52,31640398
188;52,99849919
189;52,15442489
190;53,2095464
191;52,52046011
192;49,47525531
193;52,12910934
194;50,24425668
195;51,34454553
196;52,01474244
197;52,00867424
198;51,82982814
199;53,569661
200;50,76231036
Population 7;
Отбор лучших...;
Скрещивание...;
101;53,15618832
102;51,16174578
103;51,56757159
104;50,32921503
105;53,05031745
106;52,74176255
107;51,42529879
108;51,71667432
109;49,42740964
110;50,27569084
111;51,11901905
112;52,74491725
113;53,04445582
114;52,10589559
115;51,68190574
116;50,7373573
117;51,08291595
118;53,96975794
119;52,79404451
120;52,8526304
121;52,44640126
122;51,71418705
123;52,14693827
124;51,25584091
125;50,86745392
126;51,50472105
127;50,73024591
128;53,28076449
129;52,40029061
130;52,58059972
131;53,08685113
132;53,71764726
133;53,19838145
134;52,01816959
135;51,05327584
136;51,30463159
137;49,27938272
138;53,02706942
139;51,05427319
140;52,90170278
141;52,1440456
142;53,23402645
143;51,80141116
144;52,24482979
145;53,47492375
146;50,88386373
147;50,62490695
148;51,1867838
149;50,8655579
150;52,02084702
151;52,56142254
152;50,88412118
153;52,37129369
154;50,83508631
155;51,34876961
156;52,61667634
157;52,05693886
158;50,91581476
159;51,87425744
160;53,71248369
161;52,41591888
162;51,86154466
163;52,27272601
164;52,21677117
165;50,94633165
166;51,75921008
167;50,81041436
168;50,25158267
169;52,02867634
170;52,57126018
171;51,89059641
172;49,96880891
173;49,93033948
174;51,62359262
175;51,43303678
176;53,46010193
177;52,01556888
178;53,8558039
179;51,90465388
180;51,55482508
181;51,51172167
182;52,43491326
183;52,50463934
184;52,90673037
185;52,49569992
186;51,20876273
187;51,42242161
188;54,22521569
189;51,32791932
190;51,95131816
191;51,97990711
192;50,04940821
193;50,84113168
194;54,10367244
195;52,84184997
196;53,19123389
197;51,77640311
198;52,13848912
199;50,21002155
200;49,84404159
Population 8;
Отбор лучших...;
Скрещивание...;
101;52,0271479
102;49,13844772
103;53,10034322
104;51,74292574
105;50,56226669
106;52,27151412
107;51,22172574
108;52,96359404
109;51,4896122
110;53,94798211
111;49,17687144
112;48,54454541
113;52,37360051
114;51,65704801
115;51,88125937
116;53,15857234
117;51,71114563
118;51,36183295
119;53,61769696
120;51,79801418
121;51,24526864
122;53,33562429
123;53,50538654
124;52,07778906
125;51,74272201
126;52,39570516
127;52,14217899
128;53,05633281
129;49,69597218
130;50,55250513
131;53,43100468
132;51,84570025
133;51,21088937
134;49,76951181
135;53,93439315
136;52,55114919
137;51,75460571
138;51,08738249
139;50,83021448
140;51,02875856
141;51,84272703
142;52,45464632
143;51,90359364
144;52,8204536
145;52,447819
146;53,74907686
147;51,923266
148;51,15268787
149;52,8878915
150;50,32322521
151;51,15749741
152;52,42098004
153;52,82013627
154;49,75732354
155;51,32453166
156;51,83830527
157;52,4342147
158;53,72133287
159;54,13789358
160;51,00603396
161;53,55607556
162;51,54896384
163;53,10414635
164;51,79167636
165;49,65445162
166;52,7126631
167;50,29488971
168;51,86596021
169;49,91444106
170;51,52938249
171;52,74989428
172;50,94843582
173;53,0901655
174;52,81971285
175;52,34531965
176;50,20600126
177;52,98320021
178;51,92133118
179;50,82082893
180;50,60467561
181;52,43166269
182;51,99575663
183;52,06883681
184;51,35969612
185;52,54272347
186;52,1956974
187;52,28730425
188;52,395185
189;51,79427864
190;50,93995128
191;51,89929926
192;51,63999836
193;51,19752032
194;49,51005132
195;52,3148567
196;52,45850371
197;53,1897711
198;52,00173482
199;53,41188349
200;53,18598106
Population 9;
Отбор лучших...;
Скрещивание...;
101;50,89837758
102;50,17011523
103;52,5645024
104;53,12100719
105;52,80477476
106;50,18752291
107;50,04342252
108;51,94520562
109;51,81641958
110;52,85409481
111;53,83364502
112;51,60543476
113;53,88514578
114;52,51170739
115;52,9658237
116;52,08531906
117;49,38829025
118;52,26521925
119;50,25147292
120;53,37448717
121;52,29622597
122;52,11568799
123;51,57019646
124;51,77721273
125;52,2623308
126;52,77093185
127;52,20012356
128;51,38341111
129;51,81955806
130;53,53819173
131;53,09648802
132;51,35177247
133;53,54414426
134;49,9698092
135;52,44751709
136;51,36153425
137;52,70203812
138;51,80952886
139;53,81174076
140;51,47668021
141;52,18238011
142;51,57863839
143;51,31712651
144;51,85812198
145;51,99347377
146;50,46727534
147;50,9810338
148;51,89700561
149;52,77112918
150;53,15388239
151;52,38828253
152;51,94760871
153;51,46720995
154;52,04355463
155;52,84299023
156;51,85160215
157;51,52036964
158;53,37787683
159;51,72764039
160;53,35588722
161;52,34800363
162;51,39493233
163;51,27966774
164;52,00864039
165;52,93606957
166;52,31323941
167;53,01164943
168;52,66418023
169;52,01117573
170;51,55011679
171;50,46275998
172;49,67408812
173;51,06532961
174;50,33668844
175;51,47557242
176;53,81124841
177;52,25089895
178;51,7919799
179;51,81097281
180;52,12614602
181;52,15461806
182;50,65099015
183;50,0431741
184;52,96873189
185;52,07153359
186;53,01470485
187;51,79293616
188;52,67889267
189;52,82890378
190;53,66848017
191;53,13204631
192;52,14067763
193;52,72976737
194;53,35180546
195;52,70515074
196;50,30459808
197;52,67415062
198;52,10682683
199;50,88672118
200;52,58281564
Population 10;
Отбор лучших...;
Скрещивание...;
101;50,16637372
102;53,31740545
103;51,6779537
104;52,52390596
105;51,9792517
106;52,46084395
107;53,62569773
108;51,73652681
109;50,94986795
110;50,81260739
111;50,65517935
112;53,00591831
113;49,53632956
114;53,18529381
115;50,44630553
116;52,2862973
117;52,02256322
118;52,46163231
119;51,74594362
120;52,67313105
121;51,96000815
122;50,81078123
123;52,80374788
124;51,87543824
125;53,50146857
126;51,21953427
127;52,31928884
128;53,21486371
129;51,40985202
130;53,5053128
131;52,62593235
132;51,24735933
133;52,34379701
134;50,82029118
135;53,33790277
136;52,22408333
137;51,88463831
138;53,15644417
139;53,39628583
140;52,91873053
141;52,12122136
142;53,20982239
143;52,29682396
144;50,20112687
145;52,40735817
146;53,60697147
147;53,2800466
148;52,70795033
149;52,23365398
150;53,71455911
151;52,93900668
152;51,79944542
153;51,67891444
154;52,97789489
155;53,13871007
156;51,4660997
157;51,83295639
158;53,34408951
159;50,28580947
160;53,24074643
161;53,23456296
162;53,13557881
163;52,61980984
164;51,15299668
165;53,24341947
166;51,02253025
167;52,62974191
168;51,45179031
169;50,14703642
170;52,59279852
171;52,18079165
172;51,55899664
173;51,52690274
174;50,39446688
175;51,65583569
176;50,80570669
177;51,5972061
178;50,79265103
179;51,24799274
180;51,98984821
181;51,44378925
182;51,25159526
183;53,20777475
184;51,98063447
185;50,7620214
186;52,08337012
187;50,75870417
188;52,68187345
189;52,3900676
190;52,67812715
191;53,54050151
192;52,00077724
193;51,73586948
194;53,04248716
195;51,96923337
196;49,8071196
197;51,00139115
198;53,57926292
199;51,59542453
200;53,06917409
Population 11;
Отбор лучших...;
Скрещивание...;
101;53,83792173
102;51,62730102
103;51,04732104
104;51,57735022
105;51,90608717
106;52,47536067
107;51,39652577
108;54,21057591
109;50,33854334
110;51,1538821
111;52,86059298
112;52,04279923
113;53,54250406
114;53,31966046
115;52,67036936
116;53,20640358
117;50,85224503
118;51,78585062
119;51,59263532
120;50,94268464
121;50,05025003
122;50,9035892
123;52,58817927
124;53,0722035
125;50,44038582
126;52,33701273
127;52,59833065
128;53,41731556
129;52,6989657
130;52,73914583
131;51,48108868
132;51,81236965
133;52,83605322
134;52,30742554
135;50,30997053
136;52,24479226
137;51,5655855
138;53,03617539
139;50,63508682
140;51,3344611
141;53,02550747
142;53,16149709
143;52,29430767
144;51,7418399
145;51,60244345
146;52,92204239
147;51,64803446
148;53,09941974
149;51,95749271
150;49,15887231
151;52,1443723
152;50,45439907
153;52,10646401
154;51,55229291
155;51,52180192
156;52,38028233
157;53,05932442
158;51,84111766
159;53,45015199
160;51,70144652
161;52,88648591
162;50,08503573
163;51,93325611
164;52,31342404
165;50,92037939
166;51,41611503
167;51,92643907
168;52,59524673
169;51,67270449
170;52,53912534
171;53,21943111
172;52,31666409
173;52,99559684
174;50,70359151
175;52,977335
176;51,01533273
177;52,79760114
178;54,13328727
179;53,31603718
180;53,03935939
181;53,25854324
182;49,75313655
183;52,71101449
184;51,15506733
185;53,46839987
186;51,71045727
187;53,44893983
188;53,22033779
189;52,9578865
190;51,46149251
191;51,67123573
192;52,15759845
193;52,43731799
194;50,54445444
195;50,49039431
196;51,63793894
197;51,63458679
198;52,47094855
199;50,33176197
200;51,90439908
Population 12;
Отбор лучших...;
Скрещивание...;
101;52,82398266
102;52,75088814
103;51,02118391
104;51,73240071
105;50,90278407
106;52,2001933
107;50,86935139
108;51,52209825
109;52,32276617
110;53,69680847
111;49,85637261
112;51,89047289
113;52,1710731
114;53,55903151
115;49,71861972
116;52,23238256
117;52,80591453
118;51,5069685
119;51,34701679
120;52,33478873
121;52,88723617
122;51,81311553
123;52,95294235
124;52,24124055
125;51,85433173
126;51,78952286
127;51,13870498
128;54,16160183
129;52,3519367
130;51,11325452
131;50,37320225
132;52,38491482
133;52,12931721
134;52,39411125
135;49,88535244
136;53,36541865
137;49,83782112
138;53,66433081
139;52,15986256
140;53,84460693
141;51,10847885
142;53,40722523
143;52,67264308
144;52,81729584
145;52,50933514
146;50,34548087
147;51,57583472
148;53,43595255
149;53,99910232
150;52,87005042
151;52,05885943
152;53,03814467
153;51,5213274
154;54,09189133
155;52,67967088
156;53,08077576
157;52,90992875
158;52,73855352
159;51,77370647
160;52,49871843
161;49,64889342
162;49,6518465
163;52,16846605
164;52,02713764
165;53,02685112
166;51,4171633
167;52,04708988
168;51,48841254
169;52,66653586
170;50,70461492
171;50,90533276
172;52,44592667
173;51,92564865
174;52,82817156
175;52,99993278
176;52,85080546
177;51,42122855
178;52,01923419
179;53,77607067
180;53,17978881
181;50,36887863
182;51,93694158
183;50,8929257
184;53,84847231
185;52,61999575
186;51,84896152
187;53,96003971
188;51,54829017
189;52,71427948
190;53,49092796
191;53,00911144
192;53,36556536
193;50,2685832
194;51,70771775
195;53,32282272
196;52,03873233
197;52,64531863
198;53,22208909
199;51,65288097
200;51,30284248
Population 13;
Отбор лучших...;
Скрещивание...;
101;51,85177455
102;51,60393921
103;52,52508086
104;51,14842335
105;51,90556442
106;51,47057385
107;53,6065102
108;50,96921461
109;53,8233646
110;51,59484774
111;53,1358301
112;53,13740564
113;51,53514479
114;52,04925207
115;51,29801035
116;53,0678443
117;52,52708188
118;52,083972
119;53,66324801
120;51,31105171
121;51,41340384
122;51,84573057
123;50,77464929
124;52,13232452
125;51,95091521
126;53,62724383
127;49,77867711
128;51,36665399
129;53,48887513
130;51,29548425
131;53,3643061
132;50,49419066
133;52,03391499
134;51,72923398
135;50,2758761
136;52,9582445
137;52,50167174
138;51,69473955
139;53,07230988
140;52,07869149
141;53,42063252
142;53,13600339
143;51,19437907
144;52,86874344
145;52,33819647
146;50,84116726
147;53,09888187
148;52,74494268
149;51,4751567
150;52,72634814
151;52,10302143
152;52,51947425
153;51,56810359
154;50,73365504
155;52,40186448
156;52,20111969
157;50,89854621
158;52,25530824
159;52,69284937
160;53,62427905
161;53,19786274
162;51,64585727
163;52,11215378
164;52,50409157
165;51,76132832
166;51,63647931
167;54,39195581
168;52,30562872
169;53,13965486
170;52,93003836
171;51,2522722
172;51,13830666
173;51,83503125
174;53,25267342
175;51,09971664
176;53,54917146
177;52,0022108
178;51,50696564
179;52,27423621
180;51,19470462
181;52,2955679
182;52,4156948
183;52,55348234
184;52,85470251
185;49,67774765
186;50,76485543
187;52,59749177
188;51,88856105
189;50,72612012
190;52,91754189
191;52,99679593
192;52,21269192
193;51,88184899
194;52,92824659
195;52,45200951
196;53,16946737
197;52,6659522
198;51,54946901
199;51,97559598
200;52,21941347
Population 14;
Отбор лучших...;
Скрещивание...;
101;53,13446285
102;52,62074208
103;51,99921837
104;52,11385403
105;53,26322253
106;52,52427101
107;52,60064167
108;50,50739009
109;50,72530408
110;52,88391676
111;52,09202056
112;51,31150305
113;52,18084951
114;53,00422655
115;50,46898357
116;50,29819837
117;53,2681157
118;51,79919341
119;52,60024264
120;51,57589816
121;53,66592148
122;52,40856387
123;51,61582279
124;52,84784861
125;52,9734153
126;53,20138611
127;52,59911777
128;51,99312956
129;50,82437025
130;51,32983036
131;51,36669296
132;53,50924961
133;53,1333448
134;52,22202181
135;51,73905431
136;52,43072669
137;51,25195836
138;52,81332817
139;51,9434123
140;51,20579964
141;51,51404155
142;51,70468805
143;51,30389779
144;52,65821043
145;53,43093582
146;52,7017675
147;53,90438146
148;51,00330865
149;51,14550168
150;52,68904263
151;52,62614372
152;52,00029775
153;52,45954123
154;53,50148687
155;51,80735102
156;52,66246846
157;52,65914237
158;52,95038268
159;52,53237395
160;52,75606563
161;51,30399803
162;50,98856757
163;50,69374783
164;52,34575333
165;51,06129367
166;51,02882882
167;52,42213756
168;52,78272177
169;50,5951595
170;53,33314166
171;50,80075598
172;51,19592019
173;50,37729018
174;53,06780394
175;49,34606254
176;52,25489316
177;51,61538046
178;51,76369426
179;52,04600548
180;50,73448804
181;51,23096021
182;51,44519493
183;52,78608564
184;52,60962626
185;53,72076252
186;52,34744006
187;51,59889615
188;50,63065699
189;52,48135898
190;51,44266053
191;52,10607262
192;52,0744369
193;53,26154831
194;53,7729409
195;51,84920689
196;52,44515732
197;52,29846389
198;52,57968255
199;51,591876
200;51,6347341
Population 15;
Отбор лучших...;
Скрещивание...;
101;52,07803726
102;52,72882037
103;50,18995227
104;54,14266972
105;50,91742587
106;52,51066601
107;52,65329243
108;50,16563462
109;51,40570599
110;52,20025974
111;52,2306904
112;51,64287658
113;52,2808899
114;53,50333723
115;53,45188253
116;51,87555388
117;51,60141673
118;53,31447133
119;51,36493353
120;50,44520625
121;51,2112948
122;53,65578934
123;53,77991736
124;52,16555275
125;52,63666418
126;53,11617276
127;50,87601423
128;52,13005896
129;52,14509952
130;50,393058
131;52,54636765
132;54,21489719
133;52,34605259
134;53,26739065
135;51,78071034
136;51,49973501
137;50,47283243
138;51,5880055
139;51,81746247
140;52,36443513
141;52,2964458
142;51,06292316
143;51,65501454
144;53,27734253
145;50,98070243
146;51,48593399
147;52,19119991
148;51,68516148
149;52,0677039
150;53,06490548
151;50,68670121
152;50,36611112
153;53,13374904
154;51,78443875
155;53,77759847
156;53,08120566
157;52,60886046
158;51,36512728
159;51,59062556
160;51,64367579
161;50,36475711
162;53,05345701
163;51,77061167
164;50,27094886
165;51,85917589
166;53,0309102
167;51,37719274
168;53,42469655
169;52,38511422
170;53,42628986
171;51,31612898
172;51,59852768
173;51,63194357
174;52,82432921
175;50,01398837
176;49,67741629
177;53,68764947
178;51,70659489
179;53,79655465
180;53,37656209
181;51,08285697
182;51,89622529
183;51,38019311
184;52,25271047
185;54,10086166
186;51,43812875
187;52,04064079
188;51,24944107
189;51,38883794
190;52,60479114
191;49,71033166
192;52,24331212
193;51,58517895
194;51,93436535
195;52,78439508
196;52,17070947
197;50,24328103
198;52,63373293
199;53,54766185
200;49,9173372
Population 16;
Отбор лучших...;
Скрещивание...;
101;50,29911173
102;53,58118139
103;51,40580317
104;52,05103387
105;50,97284514
106;52,19013638
107;53,82885918
108;51,55460997
109;52,2264372
110;52,24259622
111;53,57335782
112;53,30793776
113;51,15629361
114;53,64868892
115;53,02167063
116;52,36961646
117;52,15611394
118;51,38770735
119;51,88416892
120;52,40097633
121;52,32938215
122;53,31851338
123;51,08188287
124;53,13289955
125;53,62704973
126;52,64950031
127;52,05810303
128;51,57005478
129;52,16136266
130;52,56425972
131;51,37152903
132;53,37752039
133;52,4535801
134;53,82574183
135;52,6125066
136;52,36851329
137;52,7367302
138;52,72133546
139;51,47062882
140;52,62862505
141;51,20472593
142;51,91096248
143;53,11925331
144;52,09365551
145;50,24134317
146;52,41871327
147;52,67314878
148;52,79386973
149;51,46622374
150;52,30147931
151;49,10695507
152;50,57308972
153;50,46209162
154;53,70419752
155;51,74574242
156;52,47934247
157;52,74312216
158;50,78461023
159;52,68630928
160;52,24645538
161;50,10864587
162;50,83953559
163;53,02442004
164;51,84489283
165;51,69698756
166;52,07543201
167;52,05386215
168;50,33396401
169;53,53965138
170;52,80615495
171;51,41433252
172;53,55284329
173;53,41434563
174;52,14649624
175;53,23192878
176;54,21065279
177;51,44121398
178;53,13508842
179;52,60186343
180;52,20990697
181;50,37795092
182;52,22021379
183;53,49085215
184;51,72349139
185;52,75754752
186;52,05258421
187;51,60765804
188;52,19038192
189;51,30852097
190;50,15344255
191;51,5284044
192;52,56648943
193;52,73776605
194;53,22943132
195;53,45273783
196;50,58200378
197;52,3253324
198;51,88526795
199;52,26980243
200;51,11271335
Population 17;
Отбор лучших...;
Скрещивание...;
101;51,80889381
102;52,45515377
103;53,50846992
104;52,306749
105;52,32600855
106;52,04140822
107;51,71702305
108;53,29144959
109;52,24929368
110;53,41677849
111;51,6501833
112;52,46646097
113;50,6981826
114;51,07275156
115;52,5273235
116;51,52779835
117;53,37963405
118;53,25323707
119;53,01056883
120;51,77162685
121;50,53144419
122;51,46917223
123;52,73702477
124;52,93790503
125;53,41170238
126;52,6436859
127;51,73360221
128;50,67740464
129;50,06983413
130;51,08095341
131;52,39240452
132;51,78197391
133;51,17805723
134;51,13311479
135;53,43324155
136;53,64124635
137;52,18953198
138;52,7438002
139;53,07873679
140;52,8374486
141;53,10044567
142;53,00785587
143;51,39831892
144;54,35631708
145;52,09942072
146;52,68827749
147;51,97192922
148;52,96130253
149;53,08613611
150;53,66520091
151;51,11250509
152;52,76689902
153;53,83121207
154;52,76865434
155;52,76288826
156;53,55259882
157;51,47319596
158;51,84841786
159;53,81880545
160;50,95798216
161;51,84538869
162;51,67031787
163;52,40351048
164;53,43916783
165;51,55253377
166;53,82591637
167;50,21583803
168;52,15915511
169;52,87310362
170;53,89299502
171;51,25233024
172;52,96715332
173;51,87741119
174;52,40853484
175;53,58409973
176;52,12216001
177;51,44044782
178;52,28629835
179;51,20368011
180;51,25611766
181;50,42573344
182;53,12872039
183;52,72565667
184;53,10816424
185;50,47767279
186;52,45498493
187;51,8726055
188;52,22659254
189;51,46809848
190;51,94943455
191;51,74860574
192;52,95652769
193;52,29816969
194;50,68195383
195;52,42766423
196;52,37269426
197;52,67777909
198;52,14676312
199;53,44991844
200;53,04379658
Population 18;
Отбор лучших...;
Скрещивание...;
101;52,1864735
102;52,64629558
103;52,82215619
104;51,5503661
105;52,76705096
106;53,03340046
107;53,34032078
108;52,51911027
109;51,15590628
110;50,80887308
111;52,70864463
112;52,66623327
113;51,80521263
114;52,05075749
115;52,44473817
116;52,57068337
117;49,84531062
118;53,43370457
119;52,88560011
120;52,13340356
121;52,20128721
122;52,24514562
123;52,77805679
124;52,64326932
125;51,77108103
126;51,38421349
127;51,07215655
128;50,57408928
129;52,02439941
130;51,56984349
131;53,10919011
132;51,64330187
133;53,91936322
134;52,59348751
135;54,01692559
136;52,43117069
137;51,63574328
138;49,55564817
139;53,4682971
140;51,51814527
141;54,04724541
142;51,90817943
143;50,69594713
144;50,20319333
145;51,52760066
146;52,58930513
147;52,36146444
148;52,19468951
149;53,02565651
150;53,77004284
151;51,14673809
152;50,58726858
153;52,24655462
154;51,34435913
155;51,79709521
156;52,48758083
157;51,21182375
158;52,53641336
159;52,1983259
160;53,39068066
161;53,13498627
162;53,14048683
163;50,263487
164;53,03762428
165;53,63152941
166;53,03040672
167;51,67232985
168;52,18333564
169;51,80946328
170;52,56400613
171;51,17505473
172;52,45457948
173;53,45520338
174;51,97060935
175;51,97797713
176;52,37478556
177;52,0186139
178;52,28373519
179;52,02393662
180;51,25057771
181;52,54011134
182;52,07025523
183;52,17839958
184;52,18966729
185;51,96067796
186;50,86102887
187;49,27243706
188;53,34825471
189;53,21231109
190;53,17728675
191;51,74913236
192;51,93241568
193;52,63717101
194;51,08922707
195;52,49046136
196;52,1369907
197;52,64785921
198;53,39293084
199;52,43093558
200;51,72144196
Population 19;
Отбор лучших...;
Скрещивание...;
101;52,29649282
102;51,28822306
103;51,42269964
104;52,76022554
105;52,30760233
106;52,0120135
107;53,01742062
108;51,19502325
109;51,95634528
110;52,47903325
111;51,75749963
112;52,26889296
113;51,9507905
114;52,68057119
115;50,7150732
116;50,3711571
117;52,24068375
118;52,22080524
119;51,35725947
120;52,09778182
121;53,94214076
122;52,89261625
123;52,59798855
124;52,35966614
125;53,32269272
126;53,98679372
127;51,80101445
128;51,15244994
129;52,78371806
130;52,1952801
131;51,23356419
132;51,45418518
133;52,33735821
134;52,81843343
135;52,07769904
136;51,46756893
137;52,19470306
138;51,3506738
139;52,26611642
140;53,50500667
141;52,01259042
142;50,30690871
143;50,07184215
144;51,64046234
145;52,55303461
146;53,3928231
147;53,50334842
148;52,39848338
149;53,65218942
150;51,7101335
151;51,58855581
152;52,76997937
153;50,72217582
154;53,36330865
155;52,52365623
156;53,13172076
157;51,88106992
158;52,95066524
159;54,4263637
160;52,40084628
161;53,46440956
162;52,16152404
163;52,53090614
164;52,28801629
165;50,70179203
166;52,21666399
167;52,42074861
168;51,84324199
169;50,96087194
170;53,22070282
171;52,79069588
172;53,24444727
173;51,13624701
174;53,11856231
175;53,32347052
176;52,45306636
177;53,39281884
178;53,8793734
179;51,57284603
180;52,6228127
181;51,99004366
182;52,27536328
183;53,47604299
184;50,43002837
185;52,65383689
186;50,88881637
187;51,91997449
188;54,23308239
189;51,34837791
190;53,12061472
191;51,87802471
192;50,20819847
193;51,58295638
194;52,16615082
195;51,01378566
196;53,23545776
197;51,78436711
198;52,43506022
199;52,08125581
200;51,69304755
Population 20;
Отбор лучших...;
Скрещивание...;
101;53,09417696
102;52,48387911
103;53,37523775
104;52,72098062
105;53,1611955
106;52,08332054
107;53,38174165
108;53,321455
109;52,24896538
110;52,48442904
111;53,56878889
112;51,17853682
113;52,3990798
114;52,15545026
115;52,13333338
116;51,66706281
117;53,76124074
118;54,06429765
119;52,44356371
120;52,53226269
121;53,84609751
122;53,58054925
123;51,91258547
124;53,02651557
125;52,0623511
126;52,33844766
127;51,2130656
128;53,58282215
129;53,65661565
130;51,38368352
131;51,92241045
132;52,79772689
133;52,79744373
134;50,61374327
135;50,81604977
136;52,43905546
137;52,04745743
138;53,10031336
139;53,22079611
140;53,24184071
141;52,46550162
142;52,626432
143;53,6159353
144;53,68560204
145;51,23667844
146;52,17816304
147;51,04808794
148;52,24447353
149;52,51371584
150;52,50383761
151;51,77359388
152;52,08841703
153;51,8549638
154;52,91093726
155;51,7103977
156;51,39117705
157;50,86902771
158;53,35999076
159;52,45408911
160;52,26966013
161;52,54056765
162;52,76675927
163;53,66134498
164;52,94816474
165;52,14697267
166;51,29552446
167;51,66225819
168;52,09705734
169;53,16893938
170;52,13717421
171;51,29558358
172;51,39745684
173;53,11500283
174;52,56791545
175;51,96190285
176;51,75822582
177;51,17773221
178;52,40789486
179;51,2221935
180;53,05276068
181;53,02191893
182;53,24164368
183;51,19180113
184;53,59604205
185;52,09258674
186;52,02158844
187;51,04976954
188;50,90086337
189;52,19625902
190;51,14659019
191;51,98229654
192;52,13661209
193;52,14262953
194;53,7696381
195;51,34006426
196;53,06498324
197;52,35774372
198;52,73346364
199;52,64727701
200;53,63109057
Population 21;
Отбор лучших...;
Скрещивание...;
101;53,54874148
102;51,10810563
103;52,82082518
104;50,99177385
105;52,28190688
106;51,10129191
107;53,66878714
108;51,49421267
109;50,63020487
110;53,20732654
111;52,54585408
112;52,44719784
113;50,38992689
114;53,31297696
115;52,76722894
116;52,62375678
117;50,904336
118;51,47996826
119;52,79894158
120;53,25141971
121;53,74878288
122;51,48768679
123;52,41883004
124;51,90384328
125;52,50648436
126;52,89557467
127;54,20270597
128;54,009236
129;51,6675525
130;53,3059574
131;51,90094983
132;53,39209568
133;52,70653827
134;51,87551752
135;51,28822735
136;53,36579018
137;52,33802915
138;52,26322065
139;51,89960351
140;52,68439287
141;53,24049045
142;52,47084889
143;53,46387245
144;51,90313818
145;52,51825156
146;52,95908779
147;52,6641496
148;52,72200532
149;52,56417336
150;53,24187223
151;52,6478869
152;51,40370783
153;52,56475806
154;53,46395649
155;53,92666696
156;53,21456976
157;51,99982274
158;52,42935377
159;50,24885387
160;51,80940793
161;53,08636069
162;53,06417359
163;52,58941583
164;53,09051863
165;51,58576526
166;53,13562269
167;51,89533261
168;52,7493722
169;52,89903736
170;52,83427148
171;52,18717626
172;54,00097553
173;53,69501355
174;52,36894383
175;52,07935833
176;51,01302575
177;51,66023286
178;53,25722652
179;52,78873768
180;52,28254765
181;51,13444499
182;51,5221554
183;52,0398583
184;52,77129789
185;52,41492515
186;52,37739085
187;51,43617847
188;53,35268048
189;53,26596035
190;53,6962408
191;52,90623056
192;53,26489727
193;53,53292002
194;52,36583268
195;51,65806537
196;51,66854348
197;52,48958497
198;51,70826286
199;52,71096183
200;52,03781478
Population 22;
Отбор лучших...;
Скрещивание...;
101;52,19778789
102;53,26471099
103;50,9112538
104;51,64405608
105;53,04434035
106;52,08663314
107;50,412613
108;50,79555845
109;53,07124822
110;53,22532449
111;52,52675417
112;51,44710696
113;52,31358179
114;50,99604311
115;52,60489937
116;52,3986712
117;54,32218105
118;53,72564727
119;53,13762458
120;53,45236138
121;53,63547111
122;52,87863249
123;50,73395314
124;52,38596122
125;52,39297168
126;52,79535956
127;52,83879096
128;52,18541703
129;53,58224613
130;51,84351715
131;52,74398628
132;53,25521325
133;51,42519751
134;52,93574638
135;50,49429354
136;50,15220312
137;52,07118654
138;53,61588721
139;51,9931538
140;51,45839401
141;52,84161549
142;52,18085314
143;51,82141432
144;49,57544531
145;53,41265186
146;53,29401073
147;51,64764586
148;53,4963548
149;52,34253359
150;51,04790414
151;51,70801498
152;53,63773028
153;51,55329609
154;52,06195008
155;52,45588316
156;52,92833411
157;52,03773429
158;52,1955855
159;52,51702613
160;53,27305491
161;51,88063268
162;51,47020388
163;52,14419386
164;52,84754306
165;51,95442552
166;51,86874644
167;53,35734303
168;52,73460767
169;52,98442573
170;53,30555672
171;52,62258136
172;51,04431922
173;51,37890057
174;51,94584083
175;50,72853179
176;52,35074267
177;52,66583537
178;53,95191439
179;50,45532265
180;51,99550157
181;52,07565795
182;53,16869511
183;53,39288239
184;51,87045974
185;51,89760032
186;52,86763157
187;52,06926524
188;51,90437121
189;50,71819969
190;51,38273625
191;51,39104881
192;51,30832407
193;53,04210218
194;52,51997148
195;52,15299325
196;51,66141254
197;52,64366418
198;52,15801687
199;52,52335845
200;52,54144507
Population 23;
Отбор лучших...;
Скрещивание...;
101;52,21504177
102;51,61057249
103;51,66961347
104;52,45884189
105;50,67109549
106;50,96545835
107;53,1146862
108;52,06699462
109;51,73224463
110;52,23759926
111;52,20485362
112;52,93523146
113;51,04219063
114;52,4046985
115;53,46699354
116;53,1477007
117;53,76046152
118;50,77348504
119;51,41398366
120;53,48390637
121;50,29701002
122;51,6005123
123;52,12494612
124;53,39621686
125;51,14590368
126;52,46878123
127;49,98529938
128;50,45000169
129;51,78716594
130;51,02757497
131;52,52102522
132;53,42681498
133;51,60475016
134;54,03084524
135;52,78827758
136;52,59480953
137;51,9841529
138;52,75736207
139;50,51875672
140;53,19594021
141;53,72956159
142;52,18462409
143;52,37795283
144;52,43538779
145;52,71273268
146;50,83019269
147;52,81441739
148;51,00027598
149;51,93861559
150;54,05641075
151;51,79373998
152;52,41107942
153;52,66429398
154;51,3958775
155;52,39466391
156;53,16649218
157;53,28440242
158;52,30026839
159;50,16841594
160;52,92701577
161;53,27096087
162;51,5543161
163;53,64062167
164;53,44744842
165;52,39210148
166;51,60564707
167;52,22121733
168;53,41616905
169;51,97259404
170;51,29880418
171;49,59421005
172;51,45016704
173;52,49784445
174;51,72688879
175;52,40629029
176;52,82772188
177;52,10945838
178;52,50505265
179;52,29658555
180;52,96244428
181;53,34197488
182;52,61631976
183;51,19742729
184;50,87307254
185;52,91347045
186;53,17348499
187;52,32791013
188;52,33671901
189;52,72096033
190;52,19812032
191;52,4124279
192;51,36003277
193;52,52235817
194;53,70153531
195;52,61836397
196;51,35255049
197;51,98046704
198;52,81375698
199;52,33869448
200;53,85177755
Population 24;
Отбор лучших...;
Скрещивание...;
101;52,01860208
102;53,30114848
103;50,827546
104;53,77453608
105;52,20985745
106;51,69573324
107;51,60465146
108;52,05786407
109;54,10002902
110;52,30415403
111;51,81365716
112;52,40086887
113;51,96078466
114;52,66219273
115;51,07967157
116;51,64828457
117;52,12443042
118;51,72215294
119;53,82592487
120;53,23487077
121;50,29238757
122;51,93562208
123;51,90724353
124;51,93914648
125;51,18006459
126;51,82762022
127;50,23653907
128;53,08884336
129;51,40131209
130;53,61876473
131;51,21981074
132;53,67430097
133;49,79971663
134;50,54242504
135;52,67855485
136;51,6664872
137;52,53421904
138;53,37628927
139;52,99564951
140;52,69699688
141;52,47877957
142;51,8935456
143;51,65280216
144;51,57574593
145;51,15962024
146;51,02419383
147;52,99560865
148;52,57941713
149;51,67966744
150;53,63930023
151;52,13750861
152;51,25277766
153;51,02292098
154;52,41783864
155;52,43693111
156;51,29111896
157;52,81959195
158;52,92742463
159;50,62259665
160;51,56355121
161;51,63369749
162;52,79940198
163;53,77003662
164;51,55231282
165;53,46063464
166;53,20528741
167;52,25982981
168;52,1521528
169;54,30161651
170;51,37289291
171;54,30014564
172;51,48037813
173;49,67307061
174;53,69096018
175;53,30560708
176;51,33458982
177;52,17802238
178;54,05915079
179;52,420782
180;52,24136152
181;51,77032879
182;51,60433825
183;53,59466131
184;51,82072542
185;52,08667043
186;53,29219185
187;50,58480412
188;51,54631922
189;51,79405144
190;51,41219268
191;51,08875117
192;52,8647986
193;53,22427488
194;51,18418356
195;53,44383087
196;53,37747438
197;51,91153284
198;52,29196194
199;52,9386189
200;51,4196959
Population 25;
Отбор лучших...;
Скрещивание...;
101;51,24191367
102;52,41269049
103;51,29755959
104;53,50262158
105;53,87586839
106;53,85963462
107;52,39135438
108;53,49993937
109;53,08469861
110;53,41998348
111;52,32875419
112;53,49957984
113;51,42432726
114;51,54871212
115;52,95677847
116;52,09832383
117;51,59398741
118;53,34738541
119;53,07213141
120;53,09866605
121;50,27834491
122;50,30091256
123;51,81337836
124;53,61144462
125;53,04840048
126;53,00560977
127;50,59395409
128;53,24298262
129;50,28271161
130;50,40681393
131;51,77518326
132;53,6335831
133;49,90081612
134;53,89853071
135;52,07036168
136;52,77659545
137;53,12434105
138;52,37717969
139;52,8220209
140;50,21519084
141;53,56169546
142;53,13320575
143;51,66534425
144;51,39948065
145;51,67376191
146;52,58680235
147;51,39832154
148;52,81995734
149;52,04827823
150;53,09889301
151;52,86178617
152;52,56487707
153;52,02572131
154;53,56009735
155;50,66862395
156;51,93570142
157;53,47639167
158;51,83673989
159;53,67565102
160;53,44705813
161;51,37717356
162;53,41426174
163;52,95924073
164;52,57234835
165;52,59843035
166;51,89084485
167;52,51656013
168;52,35894028
169;53,47475131
170;53,24019986
171;52,39801024
172;51,54340938
173;53,95017936
174;52,92761729
175;50,43612022
176;53,94892762
177;51,46883562
178;52,0075413
179;53,4092048
180;52,03158802
181;51,58607578
182;53,13143609
183;53,93491014
184;52,85161245
185;52,86709058
186;52,34543106
187;53,36508003
188;52,51675364
189;50,17607319
190;53,44386859
191;51,8555636
192;52,79608343
193;52,07232404
194;53,57078073
195;52,76374729
196;53,43784814
197;52,39426837
198;52,49918574
199;51,1051704
200;52,81675895
Population 26;
Отбор лучших...;
Скрещивание...;
101;51,65703994
102;52,04500776
103;50,50481106
104;50,94621255
105;53,7312444
106;52,89081839
107;53,18454292
108;51,61922736
109;53,51991967
110;52,07418326
111;53,07683779
112;53,53352047
113;51,59688997
114;53,91183732
115;53,55985459
116;52,96908854
117;51,30910806
118;53,61992211
119;52,47764371
120;52,54545802
121;53,84103999
122;51,25461428
123;53,33763805
124;52,22752596
125;51,97721837
126;52,46175558
127;51,49769768
128;50,99488045
129;51,71901488
130;52,9610759
131;52,7835948
132;51,78442734
133;52,66708963
134;51,78756279
135;51,89387032
136;53,07807016
137;53,79287078
138;53,08915284
139;52,55909424
140;49,22342946
141;51,77709847
142;53,18371872
143;52,93219994
144;53,32712295
145;50,56128537
146;54,05701426
147;53,55841686
148;51,55764695
149;52,90573652
150;52,62710107
151;51,90084495
152;51,92512256
153;52,90597959
154;52,42377163
155;53,56595225
156;52,32041767
157;53,6391684
158;52,77542556
159;51,99036179
160;52,79127779
161;53,40101703
162;53,61440159
163;52,55369872
164;50,69199686
165;53,39342548
166;52,67039232
167;51,81749812
168;53,00842553
169;50,06782751
170;51,46903886
171;52,09536629
172;53,41835896
173;53,58042573
174;51,79613538
175;53,38461628
176;51,52854148
177;51,53244853
178;51,76715521
179;52,50692639
180;52,95851663
181;50,48658057
182;52,38299118
183;53,42822915
184;51,95300582
185;51,59352548
186;52,67329285
187;51,63789863
188;53,60518881
189;53,42549039
190;50,14684683
191;53,34853739
192;49,77930535
193;51,37041014
194;50,59237524
195;51,95296174
196;52,81605626
197;53,13298241
198;52,63980906
199;51,65580794
200;53,28012012
Population 27;
Отбор лучших...;
Скрещивание...;
101;52,73882688
102;53,76999624
103;52,91617326
104;53,63081987
105;53,29102358
106;51,76128474
107;51,12940764
108;52,36452673
109;52,30199299
110;54,09649055
111;51,85364975
112;52,46983441
113;53,80331473
114;53,21457774
115;52,11767369
116;52,19380317
117;53,29680317
118;52,76327579
119;51,89260858
120;51,83326799
121;51,11325301
122;53,36958216
123;51,00151707
124;51,58354207
125;52,29854881
126;51,86282555
127;53,54191986
128;50,69171285
129;52,3154439
130;51,4790654
131;52,96134787
132;50,45957962
133;51,38605461
134;52,65434591
135;52,81953339
136;52,99274825
137;51,01237608
138;52,09991571
139;52,58233668
140;53,50031282
141;52,70140286
142;51,65166195
143;52,4841029
144;52,51648081
145;51,15145316
146;52,51423083
147;52,09285535
148;52,3700892
149;53,01960201
150;52,93485506
151;53,41225324
152;52,74322734
153;52,48699151
154;52,30334626
155;51,05923324
156;51,76489126
157;50,78518194
158;49,96699524
159;51,12509257
160;52,07804888
161;52,90700945
162;53,0872685
163;53,69004762
164;52,15840064
165;53,59712123
166;53,16006465
167;51,64879738
168;53,7413046
169;53,07352262
170;53,72634278
171;52,41243138
172;52,19717087
173;52,62408824
174;53,49236724
175;51,84701945
176;51,86616507
177;53,36683106
178;52,10472027
179;51,65335629
180;53,03920058
181;53,14892252
182;52,35766491
183;52,31815007
184;52,36970666
185;52,11944674
186;54,10079641
187;53,56288378
188;53,64833885
189;53,61198021
190;51,51504672
191;50,57604219
192;51,4993508
193;52,65775782
194;51,28635209
195;52,53890415
196;51,4219449
197;51,96296113
198;53,52707294
199;52,70122731
200;52,3598789
Population 28;
Отбор лучших...;
Скрещивание...;
101;52,46531576
102;52,32219705
103;51,4542508
104;50,81153847
105;52,90953903
106;50,53323049
107;54,16031985
108;51,84045854
109;53,41565903
110;52,9653396
111;53,60127214
112;52,57074804
113;50,63962786
114;52,0229195
115;49,29316235
116;51,92577468
117;53,75396521
118;52,55150856
119;52,53803877
120;51,53090199
121;52,03889031
122;52,10377286
123;52,81427846
124;52,9500893
125;51,71456786
126;51,71639841
127;51,80623995
128;50,7035517
129;51,54560285
130;51,04268621
131;52,07506497
132;52,83454566
133;51,96393197
134;50,20127085
135;53,44085166
136;52,84282413
137;53,75002672
138;52,11211188
139;54,08909019
140;53,2756522
141;53,15070216
142;53,47494793
143;52,27386063
144;50,24539056
145;51,46359915
146;52,65928811
147;51,98430006
148;54,05749022
149;53,06076294
150;52,28798958
151;53,85514248
152;52,06401417
153;53,15322843
154;53,59586766
155;51,96432426
156;51,96657298
157;51,99243764
158;52,52995233
159;52,59690594
160;53,58159703
161;50,17760356
162;53,95997806
163;51,95540733
164;52,24339868
165;53,2452397
166;53,15722253
167;52,82957277
168;51,73464306
169;51,60753817
170;53,59159442
171;54,14742651
172;53,73897373
173;54,31601431
174;52,7327656
175;54,29229767
176;53,51290671
177;51,52891768
178;52,96390763
179;51,2854419
180;53,38546178
181;50,8484249
182;52,62835056
183;52,78967167
184;53,19111461
185;53,53553966
186;51,13748849
187;51,84123177
188;52,6012766
189;52,43684351
190;52,32246643
191;53,11705653
192;53,63511251
193;53,17707958
194;52,36679626
195;53,08214963
196;53,49246013
197;53,94328803
198;51,87424836
199;52,63820161
200;52,96598512
Population 29;
Отбор лучших...;
Скрещивание...;
101;51,78095769
102;51,70994669
103;51,74249878
104;52,07903308
105;53,25371597
106;53,5993475
107;51,0860255
108;52,2476569
109;52,81129344
110;53,88075514
111;51,93352012
112;52,77938028
113;52,28742192
114;52,34281199
115;51,54111576
116;51,39600676
117;52,45411466
118;52,36732694
119;52,86346974
120;52,07609432
121;51,6051828
122;52,6215272
123;51,80774866
124;49,95134933
125;52,0903076
126;53,14882822
127;51,63532852
128;50,60006518
129;53,38521289
130;53,55698248
131;52,0729033
132;52,91191388
133;51,3586917
134;53,464513
135;53,49718875
136;52,31094205
137;51,51089342
138;51,9407614
139;52,48641343
140;52,53193081
141;54,0567386
142;51,73703844
143;51,37889231
144;53,26895739
145;53,47153762
146;51,7321472
147;53,52435466
148;53,69455205
149;52,43865474
150;53,27603181
151;53,003713
152;53,86079781
153;53,26086617
154;51,55047373
155;52,97918781
156;52,67571654
157;52,17965537
158;52,5790808
159;49,74509104
160;52,63050651
161;52,11941942
162;50,91672484
163;52,43039323
164;53,8925013
165;51,43676409
166;50,92779909
167;51,35008061
168;51,8462846
169;51,89845119
170;53,38912427
171;51,88220265
172;51,72683738
173;52,73961081
174;53,8306952
175;51,28895468
176;50,93583777
177;52,53576381
178;51,55182564
179;52,00970119
180;51,46782015
181;52,07768245
182;51,83824974
183;51,1457483
184;53,11316029
185;50,62374992
186;53,04369113
187;52,14751703
188;53,96500364
189;52,65654816
190;53,63121918
191;51,35749337
192;52,43023626
193;51,90837848
194;52,85731615
195;51,3705459
196;52,05027755
197;54,0389967
198;50,9962802
199;53,26182209
200;53,02187302
Population 30;
Отбор лучших...;
Скрещивание...;
101;53,45118564
102;51,77359112
103;53,26800508
104;52,33861799
105;51,47299136
106;52,84481534
107;52,10120872
108;52,01599149
109;53,99359507
110;50,83113072
111;54,14349439
112;51,26386303
113;52,73469165
114;52,44212888
115;51,6341099
116;51,4258692
117;51,41015446
118;51,89885582
119;53,12925819
120;52,03435685
121;52,66492768
122;52,35525688
123;49,67754594
124;53,41248635
125;51,03066197
126;53,3822995
127;51,02556816
128;51,6121697
129;53,02067141
130;53,60073638
131;53,57410518
132;52,41186111
133;53,50074842
134;52,99460177
135;52,94579149
136;53,8684607
137;53,00544851
138;52,45938022
139;53,27406648
140;52,30788448
141;51,18446835
142;51,94990414
143;51,5772863
144;51,31546518
145;53,04667805
146;51,19681187
147;53,05197308
148;51,14273389
149;51,52394519
150;52,64309553
151;52,09409287
152;52,16810276
153;51,47114735
154;51,49371229
155;52,82346597
156;52,39032817
157;51,96909181
158;53,42295687
159;51,74462402
160;53,6861354
161;53,99445232
162;53,79430945
163;49,76123511
164;51,65441228
165;52,66518759
166;52,49267387
167;50,44083528
168;52,28509966
169;52,28898751
170;53,49942626
171;51,71059715
172;53,767836
173;53,84299978
174;53,70030666
175;53,54991079
176;52,63860511
177;53,79216611
178;51,15626178
179;52,18772759
180;52,17080364
181;53,23954717
182;53,09652518
183;52,77900121
184;51,72008827
185;52,42615283
186;52,33526398
187;53,10207873
188;52,36975857
189;51,2607104
190;50,25520826
191;52,34474278
192;50,38268301
193;52,89310029
194;52,12808608
195;52,26000647
196;52,70536089
197;51,7147082
198;52,98460656
199;52,57878542
200;51,51261602
Population 31;
Отбор лучших...;
Скрещивание...;
101;51,17158702
102;50,87267948
103;51,74829826
104;52,58100815
105;53,14041451
106;53,97167496
107;53,49836609
108;53,14631308
109;52,34840414
110;53,16859359
111;51,66052605
112;52,18717809
113;52,30919788
114;53,70113537
115;52,91825067
116;52,783303
117;53,00120629
118;52,98766851
119;52,33109037
120;52,6615989
121;53,62647844
122;53,3394033
123;52,35221114
124;51,54133457
125;49,79007765
126;52,40735424
127;52,46682619
128;52,76618603
129;52,6928652
130;53,67068125
131;53,32524931
132;53,34684003
133;53,5155555
134;49,89576617
135;50,79080133
136;51,63458003
137;52,93311958
138;52,88403839
139;51,70177083
140;52,53716314
141;51,64452177
142;53,03376099
143;51,98551755
144;50,48371461
145;53,00948204
146;51,14735505
147;53,47250947
148;51,63880783
149;50,55534604
150;52,48760372
151;52,90577332
152;53,10018838
153;50,71373607
154;51,97561518
155;51,69253174
156;52,50414444
157;50,26900926
158;52,89576996
159;54,20854211
160;52,31707142
161;50,52129473
162;52,59344878
163;54,20415359
164;50,47977407
165;52,4916801
166;53,08837402
167;53,90534263
168;53,31559791
169;53,3529538
170;53,00843807
171;50,85023231
172;53,36698781
173;51,42848339
174;53,18291434
175;51,74489406
176;51,70209095
177;51,33143947
178;52,99481682
179;52,23945222
180;52,53606562
181;53,28178112
182;52,75327068
183;52,31109302
184;51,70369412
185;52,58795678
186;53,03285662
187;52,19942556
188;51,7281934
189;52,82233727
190;54,09572842
191;51,77010732
192;51,08940331
193;52,62653877
194;52,69592577
195;52,05123727
196;51,31045703
197;50,60143325
198;51,55944093
199;52,52916807
200;52,41019404
Population 32;
Отбор лучших...;
Скрещивание...;
101;53,45033288
102;52,85637786
103;53,10986944
104;50,91890677
105;51,41467527
106;53,45594434
107;52,53213838
108;53,24589064
109;50,3822658
110;51,84505294
111;52,24107478
112;52,99368611
113;51,68729216
114;52,06671477
115;53,01372796
116;52,25915907
117;50,91722454
118;51,10363921
119;52,82959895
120;52,28896018
121;52,22886707
122;53,36716498
123;49,65800212
124;52,556352
125;50,94725589
126;51,5928709
127;52,66944758
128;53,17497517
129;52,58537127
130;52,91774786
131;51,83250001
132;51,7749677
133;54,01224821
134;52,24819583
135;51,70155671
136;52,00888623
137;51,54857255
138;51,77410388
139;52,71880529
140;51,85274734
141;52,56192994
142;53,60091276
143;52,72503602
144;51,973925
145;51,58742339
146;52,78454308
147;50,73383759
148;53,01759021
149;52,2606164
150;51,53762889
151;52,82332197
152;50,74217153
153;52,10260144
154;50,99736736
155;51,65266842
156;51,51479605
157;52,48077336
158;52,81585756
159;52,88651353
160;52,08769157
161;52,36689699
162;52,28521254
163;52,61351645
164;53,60822227
165;53,02902765
166;52,9156167
167;51,29265293
168;53,29510553
169;51,06208871
170;52,25698498
171;51,38680035
172;52,6740776
173;50,85783888
174;52,90088283
175;53,62399498
176;52,56689597
177;52,63869913
178;52,626616
179;53,29629528
180;52,71916141
181;53,02056749
182;51,95525657
183;52,10461629
184;53,60586017
185;52,68867707
186;51,22132532
187;52,984713
188;52,10772131
189;51,38447527
190;53,26335159
191;51,81395585
192;51,49939759
193;53,50318998
194;50,89954593
195;50,56987435
196;51,91337142
197;51,84244633
198;53,314625
199;52,20577383
200;52,68536472
Population 33;
Отбор лучших...;
Скрещивание...;
101;52,33195303
102;53,69188792
103;50,78738109
104;53,75959884
105;51,57022325
106;53,49419361
107;52,29873701
108;53,02676063
109;54,07169799
110;52,50747164
111;53,2283433
112;53,28032895
113;53,06842594
114;53,44909109
115;53,84735986
116;53,11122101
117;51,82539991
118;52,729362
119;53,09232052
120;52,05585173
121;51,57200754
122;53,91779796
123;53,83444139
124;52,73695252
125;51,98999828
126;52,08029177
127;50,86795733
128;50,06190267
129;52,77344597
130;51,75391725
131;50,74569937
132;50,48993661
133;54,2276735
134;53,92871005
135;52,28834644
136;52,14511057
137;53,32255794
138;52,06803456
139;52,94170453
140;53,39523312
141;52,27023582
142;53,73423078
143;52,23353181
144;52,02807624
145;50,94858555
146;50,91184026
147;51,76058154
148;52,5998985
149;52,6674531
150;53,81685005
151;52,35742754
152;51,42238765
153;52,88802076
154;53,11737654
155;53,66352309
156;51,81046211
157;53,33060354
158;51,00835112
159;53,06401006
160;52,89923094
161;51,83622728
162;52,03225034
163;51,68418283
164;52,10524662
165;52,8433533
166;53,60698867
167;51,75118603
168;51,75990598
169;51,93538123
170;53,23152325
171;52,33403563
172;52,26493989
173;52,50621815
174;52,35071111
175;52,91465514
176;53,60330245
177;52,37913021
178;53,0304275
179;51,79294349
180;51,78607896
181;52,3478347
182;52,36350757
183;52,16648931
184;53,87678886
185;52,02646829
186;52,51940249
187;52,98162214
188;52,57320029
189;52,70558655
190;51,41264938
191;53,7224811
192;51,67575346
193;51,5663795
194;53,22668541
195;52,56153429
196;51,28401427
197;54,41964565
198;51,84398576
199;51,79937602
200;52,6066615
Population 34;
Отбор лучших...;
Скрещивание...;
101;52,392701
102;53,25704243
103;50,62186919
104;52,38608177
105;51,73877396
106;52,39043
107;51,98531149
108;52,15167096
109;51,67625319
110;54,1874744
111;51,9055471
112;50,4956228
113;54,33601165
114;54,41340585
115;52,43245601
116;52,48293243
117;52,89946034
118;51,73282337
119;52,81121924
120;51,52809887
121;51,79237212
122;53,65065413
123;50,40134092
124;51,38524394
125;51,36673404
126;53,46281786
127;51,43467543
128;53,38426621
129;52,48626184
130;53,68079898
131;53,37521313
132;51,89523455
133;52,86373323
134;52,08458919
135;52,40408582
136;51,73363665
137;53,48927271
138;51,37828085
139;53,49416653
140;52,82457161
141;51,20247532
142;53,24552646
143;52,10509453
144;52,30221274
145;52,40010468
146;52,02287424
147;52,23341164
148;51,81130195
149;52,64159296
150;51,64462615
151;51,33403736
152;53,55773104
153;51,09775686
154;52,27186851
155;52,64653174
156;53,41287496
157;53,17598124
158;53,40174578
159;51,86872209
160;52,37739286
161;51,84956794
162;52,33318478
163;51,46152488
164;52,44403772
165;52,6187102
166;51,21558167
167;52,51006477
168;53,12804199
169;51,7718386
170;53,59260175
171;52,72781821
172;52,28336564
173;52,44713222
174;52,60393156
175;52,7645401
176;52,19785132
177;52,65100928
178;52,14630926
179;51,53993008
180;50,78817527
181;51,99667506
182;52,69123877
183;52,56494656
184;52,25756042
185;51,44127505
186;52,39571866
187;52,45236454
188;52,75293556
189;52,00910578
190;51,02431109
191;52,1279208
192;50,20540836
193;52,17613868
194;52,34484971
195;52,86237666
196;50,93600809
197;52,634155
198;53,16806191
199;52,92384821
200;51,54123118
Population 35;
Отбор лучших...;
Скрещивание...;
101;51,22522865
102;52,56109594
103;51,25403252
104;53,7455275
105;51,96581659
106;53,68562677
107;52,04136065
108;51,92525126
109;51,98007608
110;54,40020073
111;51,87133071
112;52,91698457
113;52,64510887
114;53,22119304
115;53,27532232
116;53,13300943
117;50,2928611
118;53,74462611
119;53,02196971
120;53,10405301
121;50,92637725
122;51,46568796
123;52,35571891
124;52,91036924
125;53,15179635
126;53,25670217
127;52,2820611
128;52,53419166
129;53,61116612
130;51,4234554
131;54,01608974
132;53,03227497
133;52,79620386
134;52,18343533
135;53,3746954
136;51,74682305
137;53,56947821
138;52,44717156
139;53,67903331
140;50,04016992
141;52,20778748
142;51,61400779
143;53,58724996
144;51,4066921
145;52,29571136
146;52,76629904
147;52,17158276
148;51,28454314
149;53,26839559
150;52,37856704
151;52,83875815
152;52,36507394
153;52,35986953
154;52,9779452
155;51,31523303
156;53,15118418
157;51,87651797
158;52,82428894
159;52,58580438
160;52,87507536
161;50,97906008
162;53,8086779
163;52,41155858
164;52,34119561
165;50,95337107
166;53,41022298
167;53,573104
168;50,5021867
169;53,92001004
170;50,60729924
171;52,07751847
172;52,49637704
173;51,87019295
174;50,28682357
175;51,66949486
176;52,2695369
177;51,82837084
178;53,68489526
179;52,69721357
180;52,17037518
181;52,0680429
182;50,60451763
183;53,04933781
184;53,20166817
185;52,21818432
186;54,17773061
187;51,76222371
188;54,10180434
189;52,97046663
190;49,99563225
191;52,49262889
192;52,41634954
193;51,90749522
194;53,93082663
195;53,40585348
196;52,5754985
197;54,15157197
198;53,67035412
199;51,97975984
200;52,37110018
Population 36;
Отбор лучших...;
Скрещивание...;
101;52,82010622
102;52,61765719
103;51,88765023
104;52,12987287
105;53,09187897
106;52,52061906
107;52,44276604
108;53,28288421
109;52,03800387
110;52,02988824
111;53,97225126
112;52,20244613
113;51,71547818
114;53,32386157
115;52,87663282
116;53,05851969
117;50,44326068
118;52,79800771
119;53,67606911
120;51,69722437
121;52,36927056
122;51,53550499
123;53,23705452
124;52,86373949
125;53,89185021
126;51,24276648
127;52,38793346
128;51,4998835
129;50,95329886
130;53,30086462
131;53,8718406
132;53,39026763
133;53,05498066
134;52,20725984
135;52,47850184
136;53,28844527
137;53,32152059
138;53,76416035
139;51,8947696
140;53,66318082
141;53,48384749
142;53,33232569
143;53,40703426
144;50,95027783
145;52,08985652
146;52,46453934
147;52,53935142
148;51,93726337
149;51,65931264
150;52,92450661
151;51,4737152
152;51,90394242
153;52,55054718
154;51,62872851
155;52,91382934
156;51,17339043
157;51,023389
158;52,90287484
159;51,97550015
160;52,54183618
161;53,08930091
162;51,971795
163;50,35131567
164;52,37347087
165;53,03866899
166;52,78387155
167;51,21014123
168;52,76666037
169;53,98115424
170;51,90946375
171;53,62932069
172;52,01993692
173;52,45659647
174;52,21669455
175;52,51946345
176;53,92336356
177;51,94973776
178;52,68838287
179;51,85904851
180;54,05007615
181;53,7878708
182;52,97464589
183;51,46057119
184;52,40480114
185;53,6088941
186;53,07445949
187;52,95908872
188;52,66417767
189;52,3736041
190;52,12219377
191;53,22793396
192;53,64451331
193;53,12896773
194;50,59678302
195;53,65857506
196;53,04911805
197;51,2013275
198;52,49008907
199;51,19934703
200;52,74699994
Population 37;
Отбор лучших...;
Скрещивание...;
101;53,05127721
102;53,20258497
103;51,80953165
104;52,49810477
105;53,58991267
106;53,36599346
107;52,46862188
108;52,35920777
109;50,77159891
110;51,47374973
111;52,23734825
112;52,76472454
113;51,66483044
114;52,56641653
115;51,11682523
116;51,26827776
117;52,39205435
118;51,05584848
119;52,87217546
120;53,02533995
121;52,91823712
122;53,02821131
123;51,00781755
124;53,34088322
125;53,89010757
126;52,54867728
127;52,35219384
128;52,28546221
129;52,2145151
130;52,69860013
131;52,47018696
132;51,83833163
133;52,10464709
134;52,60591
135;53,30816774
136;52,28479832
137;52,00706406
138;52,247656
139;51,97376682
140;51,57030152
141;51,06983794
142;52,18503594
143;52,33003855
144;51,73620956
145;50,19068104
146;51,96590159
147;51,82378658
148;52,60043956
149;53,56437034
150;52,07946577
151;52,20427453
152;52,26022445
153;53,73971325
154;53,75175126
155;51,6950128
156;52,44699134
157;52,69738997
158;51,95333851
159;50,89530491
160;52,62619151
161;51,39811995
162;51,93475745
163;51,81606243
164;53,62263484
165;53,88774073
166;53,77900752
167;53,60491016
168;51,01756012
169;51,80554641
170;52,88970073
171;51,41732682
172;53,69326278
173;52,72775039
174;50,03309578
175;52,99939632
176;51,21279981
177;50,88401816
178;52,39391229
179;51,94317262
180;50,69795404
181;53,34729018
182;52,50078247
183;51,07261074
184;51,64561961
185;51,74370115
186;52,69361512
187;51,64172843
188;52,36519183
189;51,17589768
190;53,87735387
191;52,97467586
192;52,66831747
193;53,19697854
194;52,00825563
195;52,58904235
196;52,48788541
197;52,15347767
198;51,01113633
199;54,03634392
200;52,77968296
Population 38;
Отбор лучших...;
Скрещивание...;
101;52,65965963
102;52,64281038
103;52,34169659
104;53,63591154
105;52,54214814
106;52,26474359
107;53,40142942
108;51,82047562
109;51,53756203
110;53,39814766
111;54,13959413
112;53,77096414
113;52,36612522
114;52,37856698
115;53,82192642
116;51,09316155
117;52,97722377
118;52,39613112
119;53,63139749
120;51,33232614
121;53,22042853
122;51,64306547
123;54,09224181
124;54,33216144
125;52,90666297
126;53,28989855
127;53,19500691
128;52,40343722
129;52,90518776
130;53,620414
131;52,7458947
132;53,53039941
133;53,67893517
134;53,23486878
135;54,08345318
136;50,96941941
137;52,33427703
138;53,37451286
139;52,04324303
140;53,62289421
141;54,11448157
142;52,32698384
143;52,58554706
144;52,23481898
145;51,83045661
146;52,41661591
147;52,75721919
148;52,71457077
149;53,27055516
150;51,48490124
151;52,46433949
152;52,40313703
153;49,86373683
154;51,19470215
155;54,31911509
156;51,72573016
157;52,40561982
158;52,65252553
159;51,7591423
160;53,51990248
161;50,53764666
162;53,51955902
163;52,3952848
164;51,31080176
165;51,51462962
166;54,33129489
167;51,58173239
168;52,40739263
169;52,93965313
170;49,9579515
171;52,49202966
172;53,48912251
173;51,90807113
174;51,31490995
175;53,00701996
176;51,21695527
177;52,3991475
178;52,52986002
179;50,60736745
180;53,37437708
181;52,58042958
182;52,13615784
183;53,74280911
184;52,05377148
185;54,21014835
186;52,13782866
187;51,24723726
188;53,52819493
189;52,29397771
190;51,66265275
191;51,88153743
192;53,18810539
193;52,39739054
194;52,05399345
195;53,47642291
196;53,90762584
197;51,29496587
198;53,22762748
199;53,18273911
200;51,84559271
Population 39;
Отбор лучших...;
Скрещивание...;
101;52,79529201
102;53,13575023
103;52,7307085
104;52,61231022
105;51,73436356
106;53,16821672
107;53,27757683
108;51,92781628
109;51,94951353
110;53,14704696
111;52,64488537
112;53,99443335
113;52,5508203
114;53,51652412
115;52,08717505
116;52,58388462
117;51,76023412
118;52,58866851
119;53,51904667
120;53,60633827
121;52,05304513
122;53,40617215
123;52,00902716
124;50,23828288
125;52,79579667
126;51,41395461
127;52,51437749
128;53,88765591
129;50,99204043
130;54,24069015
131;52,73026221
132;53,02317979
133;53,19480057
134;52,80345552
135;52,57845513
136;54,34651406
137;53,4527001
138;52,03802773
139;52,23276737
140;52,36050121
141;53,27541308
142;53,25852413
143;51,36495571
144;53,50470252
145;53,19996177
146;51,13984938
147;50,98017041
148;52,48988402
149;52,33235942
150;53,11841329
151;52,46273785
152;51,41130879
153;52,30237966
154;52,01134875
155;52,98386938
156;51,61161414
157;54,02970944
158;52,94968708
159;51,480966
160;53,70464845
161;51,01307121
162;51,37541688
163;51,12281958
164;52,38336416
165;52,53019813
166;52,81555369
167;53,77276955
168;53,79461254
169;50,75723552
170;53,00118974
171;52,82545324
172;50,90806053
173;54,01888902
174;54,42437002
175;53,2051961
176;53,84000655
177;53,80406765
178;52,50716765
179;52,04886036
180;51,52244493
181;52,22023472
182;52,48379173
183;51,2093995
184;52,12363947
185;52,72019148
186;50,87292557
187;53,19940829
188;52,70700973
189;53,00104951
190;52,24034308
191;52,6041273
192;51,93994272
193;53,62564906
194;52,47011078
195;51,09742583
196;53,8554959
197;53,37147198
198;51,25012949
199;52,78663469
200;51,91595723
Population 40;
Отбор лучших...;
Скрещивание...;
101;50,66737285
102;53,66203341
103;53,63433695
104;52,74859448
105;53,02742921
106;52,34933275
107;53,34073337
108;52,92241172
109;53,15006007
110;51,20262329
111;50,33771261
112;53,3250629
113;53,38532378
114;52,38502202
115;53,01800926
116;53,52878515
117;51,52450039
118;53,23667346
119;52,13321954
120;53,99130229
121;52,7255834
122;51,31437925
123;52,00604249
124;52,62677235
125;52,29628075
126;51,22404693
127;51,30081056
128;53,24826551
129;52,2049161
130;53,4642993
131;51,92014961
132;53,49642639
133;52,79149173
134;52,92752132
135;53,40842848
136;51,82790463
137;52,70557887
138;53,42124391
139;53,17706565
140;53,68923577
141;52,83558196
142;51,41430256
143;52,5262658
144;53,40252542
145;53,38664165
146;50,90638446
147;53,03915148
148;51,58407996
149;52,61878181
150;52,62624089
151;52,79486405
152;53,69447704
153;52,34476133
154;51,93184598
155;51,01503622
156;53,72860165
157;52,83183851
158;53,02261203
159;52,1321246
160;53,03645687
161;52,64809698
162;53,39162627
163;52,67173453
164;52,79262174
165;53,10787826
166;52,16965703
167;53,93617248
168;52,25622611
169;52,52123653
170;50,29339874
171;50,90371579
172;51,90230184
173;53,84338166
174;52,38700614
175;53,10562961
176;51,16359321
177;53,98396814
178;52,94285874
179;52,03309163
180;51,93430941
181;53,62016733
182;51,03232239
183;53,34195519
184;51,66382641
185;53,41658887
186;52,51143837
187;52,86449407
188;53,81531849
189;52,18645484
190;53,55857538
191;52,47612194
192;51,99153227
193;51,64939416
194;51,89427823
195;50,90693693
196;52,44453216
197;52,32298714
198;51,72496582
199;54,20819778
200;52,0697533
Population 41;
Отбор лучших...;
Скрещивание...;
101;51,85057883
102;53,40768417
103;51,9204533
104;53,78063461
105;52,92986101
106;53,29997389
107;54,0222904
108;54,18342738
109;54,14174619
110;53,11553192
111;52,73885792
112;50,43831271
113;52,43193917
114;51,66249914
115;53,37696255
116;50,24991297
117;53,92846355
118;53,7528933
119;51,97110944
120;51,10652773
121;52,24912461
122;52,2015636
123;51,39350606
124;52,86377582
125;54,29472046
126;52,27139088
127;51,27328453
128;52,27857006
129;51,00181087
130;53,78277941
131;52,4574001
132;51,91122151
133;51,03241316
134;53,21417994
135;52,15721736
136;50,9797578
137;51,51148458
138;52,57024961
139;52,47790408
140;50,95010932
141;51,32436489
142;52,96335324
143;53,51472275
144;52,68398692
145;52,78997732
146;53,3769363
147;54,21072033
148;53,53524633
149;52,20785218
150;52,91051377
151;51,43893374
152;52,27409233
153;51,03256613
154;52,977597
155;51,22056304
156;53,46015321
157;51,69519091
158;52,15833224
159;52,87592565
160;53,81511286
161;52,81443163
162;52,26930308
163;52,87235888
164;52,43702993
165;51,71229808
166;51,43528182
167;50,40385123
168;53,21721753
169;52,42655191
170;53,732814
171;53,63670402
172;53,96118929
173;52,6531171
174;52,99056871
175;51,6371821
176;54,1348206
177;54,02733807
178;52,52913947
179;52,95087961
180;53,60308665
181;52,41590375
182;53,78910333
183;53,55430791
184;53,14314035
185;53,29714917
186;53,13755879
187;52,99752457
188;53,63415734
189;52,51972875
190;53,30223684
191;52,4620599
192;53,15754484
193;53,7895776
194;52,78170613
195;52,75412521
196;51,8557419
197;53,90281279
198;53,61726761
199;53,36003339
200;53,378762
Population 42;
Отбор лучших...;
Скрещивание...;
101;53,47204888
102;52,47707857
103;52,00755773
104;52,84115428
105;51,55101971
106;51,89909799
107;50,99211624
108;51,30624163
109;52,77001398
110;53,30397042
111;52,08196807
112;50,91157737
113;51,88383208
114;52,54436319
115;52,21312088
116;54,04274093
117;52,44735336
118;52,8162093
119;52,63807497
120;53,4812579
121;51,75268984
122;52,77728302
123;53,80270668
124;52,64170534
125;53,41914924
126;53,21288196
127;52,04984827
128;53,01198972
129;54,44873834
130;53,49432308
131;52,89811931
132;53,84127906
133;52,10445885
134;52,18917215
135;50,96220765
136;54,06523124
137;51,98399241
138;53,20507524
139;51,68181893
140;53,39813916
141;52,74105543
142;51,8295027
143;52,8657005
144;53,36710897
145;52,31807094
146;53,05297152
147;53,53406621
148;53,71477827
149;53,5768292
150;52,3282551
151;53,28055834
152;52,57290404
153;51,75430524
154;50,89977545
155;53,58599807
156;52,30665895
157;51,94674687
158;52,53247949
159;53,86826003
160;53,31870074
161;51,65954093
162;51,83081417
163;51,23078998
164;51,64975038
165;51,6695078
166;52,20046881
167;52,23459294
168;51,93136315
169;52,95872809
170;53,33323026
171;52,59350512
172;51,81118137
173;50,93797979
174;53,70339295
175;52,98451787
176;52,34015014
177;54,24870504
178;53,43880711
179;52,58831361
180;51,794353
181;52,18967617
182;51,39313296
183;53,52158329
184;52,37418927
185;51,93182122
186;52,71953787
187;50,58781951
188;50,56181313
189;51,04019361
190;52,85623175
191;52,55068028
192;53,49263939
193;51,32936804
194;52,13588961
195;50,89653986
196;52,85406017
197;53,7412386
198;51,70566765
199;52,30970996
200;52,9371797
Population 43;
Отбор лучших...;
Скрещивание...;
101;51,5743708
102;53,08266246
103;52,71511983
104;51,86241361
105;53,82261772
106;52,71592513
107;52,28163264
108;52,17804261
109;52,44218369
110;52,22579442
111;52,76123337
112;54,06068355
113;53,72971481
114;53,32976179
115;53,45456949
116;50,59717652
117;52,42477662
118;52,15165271
119;54,4037404
120;52,00476119
121;54,08415195
122;52,31419497
123;52,05116584
124;52,59220003
125;51,48805183
126;52,45603073
127;52,50636069
128;50,7415989
129;52,7462239
130;52,3324296
131;51,99858163
132;52,37989692
133;52,66886462
134;51,99660128
135;53,12141697
136;52,64525332
137;53,30143946
138;52,72794384
139;51,93326506
140;53,99160154
141;52,24205295
142;50,19606561
143;51,9260643
144;51,18070306
145;52,22004784
146;52,482214
147;51,31875831
148;51,79624456
149;53,28010244
150;53,5481878
151;53,14560545
152;51,82274541
153;50,87691685
154;52,91283926
155;52,5310815
156;51,89626554
157;51,86204921
158;52,48969042
159;53,68840402
160;53,51843361
161;52,94368605
162;53,84596692
163;51,93752339
164;51,88975754
165;52,78088201
166;51,78731827
167;53,23805277
168;51,73518673
169;51,66330916
170;51,46444643
171;53,75559943
172;52,93436398
173;51,88587154
174;51,72249382
175;53,03209418
176;52,84561999
177;51,57238
178;51,60711636
179;51,21341674
180;50,08147847
181;53,40475259
182;53,04081495
183;53,03778124
184;52,94941248
185;51,8616538
186;52,47873447
187;50,77114726
188;52,88306452
189;51,55319237
190;51,95059439
191;52,34667706
192;52,54872507
193;52,56089015
194;52,94311814
195;52,75665459
196;54,22944892
197;50,58337382
198;51,70975484
199;53,71830317
200;53,38370955
Population 44;
Отбор лучших...;
Скрещивание...;
101;51,87916534
102;54,19276488
103;53,73511608
104;52,35328791
105;52,76756977
106;52,61231949
107;53,19380592
108;53,43232443
109;51,51650968
110;51,25282058
111;52,10753128
112;51,49800882
113;53,10657098
114;53,37404214
115;53,45969985
116;51,94490735
117;53,84943175
118;52,79981439
119;51,65083823
120;54,09577831
121;52,03105708
122;53,49663608
123;51,71512923
124;52,38042843
125;53,74218612
126;53,01354128
127;50,80207727
128;52,48423302
129;53,26873053
130;53,63501339
131;53,35652523
132;53,58868253
133;52,64962326
134;53,71307815
135;52,60834765
136;50,26240144
137;52,00599559
138;53,06297095
139;51,7733393
140;53,33704576
141;53,89411507
142;51,66287976
143;51,01481591
144;52,98047863
145;52,18158036
146;51,99366694
147;53,9601352
148;52,63720089
149;53,41563617
150;51,91279596
151;51,79914992
152;52,81663248
153;53,42770208
154;52,13752618
155;52,05093648
156;53,21650876
157;50,45382805
158;52,34526691
159;53,33583594
160;53,12474739
161;51,79463863
162;51,8820739
163;51,21185737
164;53,22168335
165;51,36420555
166;53,05168436
167;52,79361685
168;52,51933939
169;52,59753245
170;51,90132732
171;54,11209736
172;52,11774164
173;53,9574068
174;51,25672392
175;52,90426511
176;50,58419967
177;51,67747411
178;53,81158683
179;53,33052993
180;54,14782315
181;51,37795208
182;51,90014757
183;52,33063127
184;52,05267445
185;53,22350723
186;52,8353075
187;52,74311332
188;51,79708996
189;52,92453431
190;51,64431427
191;53,01931686
192;52,09567064
193;50,56126721
194;53,57683904
195;51,49246911
196;52,13137244
197;52,44146776
198;52,47469494
199;52,13399826
200;52,91334286
Population 45;
Отбор лучших...;
Скрещивание...;
101;53,71456178
102;53,07777203
103;51,9514927
104;51,76997668
105;53,91476666
106;52,96405809
107;52,85464068
108;52,76558806
109;52,28064459
110;53,01281304
111;53,09982138
112;53,96519713
113;51,8053879
114;53,33341695
115;51,94606998
116;52,33180474
117;50,71722059
118;51,06014461
119;52,64570211
120;52,21021202
121;53,16863049
122;53,56304419
123;52,48140086
124;54,50534058
125;52,3272147
126;52,36687212
127;52,14244897
128;53,90766314
129;53,38262604
130;52,30094581
131;52,6872628
132;52,32959153
133;51,61222396
134;52,98405227
135;53,30981302
136;52,10717021
137;52,08706513
138;51,83192903
139;52,95522972
140;52,23852341
141;50,98200821
142;53,23334587
143;53,23783984
144;53,19535941
145;50,4013173
146;53,10634609
147;52,96733647
148;50,67518158
149;53,49580847
150;52,74942263
151;53,18222251
152;53,41227158
153;53,32343274
154;52,56088927
155;53,65675741
156;51,68601554
157;52,38067194
158;53,78874594
159;51,79698867
160;50,44172382
161;51,68859862
162;52,01030104
163;53,8343715
164;53,11883577
165;52,66043186
166;52,5684832
167;50,10486452
168;53,81106642
169;52,20743039
170;51,7302389
171;52,7413799
172;53,36718076
173;50,49416451
174;53,66276753
175;53,61033638
176;52,69815519
177;52,74348914
178;54,26974695
179;51,51480031
180;53,11481989
181;53,82141225
182;54,15572037
183;52,98476292
184;53,10859811
185;53,69169473
186;52,36906222
187;52,68144348
188;53,68722413
189;53,59289333
190;54,15286321
191;52,56583266
192;53,43106034
193;50,34611625
194;52,64431328
195;52,3022327
196;53,07463542
197;52,82535949
198;52,44292975
199;51,59010807
200;53,21873108
Population 46;
Отбор лучших...;
Скрещивание...;
101;53,6493285
102;52,14313273
103;51,95711274
104;52,99027642
105;51,30785623
106;53,31512337
107;52,05375437
108;53,52691845
109;52,84070146
110;53,08809481
111;53,71923513
112;53,24601383
113;53,18007243
114;53,7301889
115;52,62966708
116;51,17332001
117;54,14372068
118;51,6807463
119;52,82826523
120;51,70758159
121;53,84827239
122;52,25920344
123;54,14358059
124;53,08113894
125;50,62695718
126;52,22291011
127;52,25450057
128;52,98525958
129;53,32728762
130;53,11853461
131;50,69400236
132;53,75884151
133;50,58521756
134;51,31949771
135;52,56033581
136;52,9232586
137;51,40363197
138;52,54969027
139;51,80775001
140;52,48434399
141;53,36540285
142;51,3390408
143;51,59435733
144;52,47064721
145;52,03784116
146;52,76616949
147;52,00946313
148;52,12109189
149;52,11761313
150;53,07642868
151;51,75075205
152;50,57734207
153;54,24133388
154;51,87715677
155;52,3283017
156;52,4000988
157;53,23514074
158;51,66002231
159;53,21240021
160;52,34897196
161;51,01897961
162;52,26107324
163;52,80545557
164;52,84733003
165;53,67634183
166;54,09471738
167;54,46554518
168;53,43493062
169;53,03353041
170;53,12573177
171;51,95005479
172;53,24353711
173;53,35871843
174;52,09469633
175;52,17235498
176;52,79089208
177;51,11424825
178;51,02304998
179;51,44602509
180;52,95111977
181;52,9379744
182;52,676097
183;53,29353551
184;51,64398156
185;53,65542467
186;51,81933081
187;53,6468931
188;53,74122655
189;51,66658969
190;51,94188666
191;52,15847871
192;52,57898276
193;54,20297861
194;52,13590799
195;51,61543276
196;50,75012631
197;51,90107478
198;53,2548867
199;54,13371514
200;53,6745118
Population 47;
Отбор лучших...;
Скрещивание...;
101;53,15677635
102;53,10620078
103;52,5422002
104;50,98877014
105;51,56192935
106;53,19510883
107;53,36307147
108;53,08607784
109;53,50059773
110;51,93508672
111;52,61868173
112;51,41160655
113;53,86262809
114;52,27356358
115;50,37948742
116;53,41311463
117;52,68360059
118;53,44751725
119;52,25394736
120;52,54062297
121;53,32186884
122;51,3719498
123;53,36064966
124;52,44676035
125;52,84719927
126;51,97524095
127;53,2560182
128;53,42968434
129;53,34211321
130;52,5251067
131;50,73453989
132;52,35961072
133;53,3495038
134;51,82756553
135;52,5347097
136;53,25269811
137;51,59814169
138;54,02023449
139;52,8525504
140;52,66004201
141;53,89747449
142;52,65368329
143;52,06758728
144;51,59629098
145;51,28252288
146;52,45770789
147;52,41473861
148;52,29401899
149;51,8592179
150;53,25059985
151;52,27937075
152;53,36588242
153;54,45334464
154;53,55754507
155;52,44786515
156;51,78958304
157;52,90104581
158;50,64916102
159;52,3528805
160;53,67552711
161;51,83735637
162;51,8639994
163;52,04228447
164;53,04152507
165;52,8521015
166;52,37048904
167;53,51551372
168;53,54833499
169;51,94201018
170;52,54461003
171;53,37768648
172;53,57441012
173;52,98640589
174;53,75407372
175;54,27964911
176;53,09231863
177;53,35928408
178;51,2256946
179;52,99903746
180;53,64452715
181;52,82304926
182;52,44359832
183;52,81920743
184;54,13928484
185;52,78811062
186;52,47631013
187;51,94967998
188;50,1405615
189;51,14030708
190;53,27495174
191;50,52881921
192;51,12637798
193;52,31087688
194;52,64137175
195;52,82241716
196;52,19748074
197;53,45123662
198;53,71974076
199;51,31476116
200;50,68110054
Population 48;
Отбор лучших...;
Скрещивание...;
101;52,1424986
102;54,21489462
103;52,28573412
104;53,63230989
105;51,97297419
106;51,20288384
107;52,73116556
108;50,88411373
109;53,00360056
110;51,26558978
111;49,93491998
112;52,65056704
113;53,3969586
114;52,92580265
115;52,18923022
116;52,29700822
117;52,74824145
118;53,27030859
119;50,39579691
120;52,84048621
121;52,06758205
122;50,98739438
123;52,17285713
124;52,5557583
125;53,03245218
126;52,67432568
127;52,93054161
128;53,94165695
129;52,4281415
130;52,06239168
131;51,09988358
132;54,07546952
133;52,95562801
134;53,30536098
135;52,53573021
136;52,46017678
137;53,63141941
138;53,09920651
139;53,22501092
140;52,16563122
141;52,73140645
142;51,50023483
143;52,03345577
144;53,58615227
145;54,35997595
146;51,04256077
147;52,84262243
148;53,40007255
149;51,09700529
150;51,42124515
151;52,59363058
152;51,38001115
153;54,40354058
154;52,38440804
155;50,58338255
156;51,81782882
157;53,22097934
158;52,58651737
159;53,77971889
160;53,7876197
161;53,46373211
162;52,89171165
163;53,54833821
164;52,68802941
165;53,73732726
166;51,34917453
167;52,93131978
168;52,77298656
169;50,42238845
170;50,64770686
171;51,50290733
172;52,08446056
173;51,37984058
174;53,47740746
175;53,09645864
176;53,76237055
177;52,04508494
178;51,68571248
179;52,76979769
180;51,67858909
181;51,26171562
182;52,50863963
183;52,67470432
184;52,50635124
185;51,71249591
186;53,99454609
187;51,07516649
188;52,10853888
189;52,72702335
190;53,57560016
191;52,39424687
192;51,34687222
193;52,4247376
194;51,20364336
195;53,42899301
196;51,90485148
197;53,22755439
198;52,94582131
199;53,73226896
200;51,09555538
Population 49;
Отбор лучших...;
Скрещивание...;
101;51,67702411
102;52,618747
103;52,63376472
104;52,5546902
105;52,43834676
106;53,35063761
107;53,44158905
108;51,51917626
109;53,10054996
110;52,78053146
111;51,85791435
112;51,9011616
113;53,62926454
114;52,61160072
115;51,07813441
116;53,65748215
117;51,09940183
118;52,82735384
119;53,58739975
120;53,6889773
121;51,26967924
122;52,04683056
123;53,04095314
124;51,416968
125;52,28242538
126;53,73981241
127;52,9204746
128;51,0190796
129;51,53972625
130;51,28714036
131;53,23170575
132;52,71446865
133;51,9488835
134;52,20621399
135;51,73870689
136;53,30284262
137;51,86869505
138;52,05421018
139;50,73622325
140;52,32529011
141;51,83327619
142;52,75834115
143;52,24899799
144;52,87366356
145;51,26766404
146;53,2352588
147;52,00597142
148;53,13214759
149;54,02706879
150;53,58321757
151;52,47717127
152;52,1979987
153;53,93841958
154;52,42352758
155;51,73486621
156;52,84361808
157;53,95937057
158;53,87264056
159;53,95127381
160;53,51449295
161;52,56945198
162;50,44729698
163;53,11304025
164;49,56784883
165;52,45969755
166;51,85231308
167;52,4197225
168;53,57940314
169;52,92060043
170;53,35188752
171;53,07842874
172;52,75037284
173;52,21150529
174;51,69523266
175;54,09519184
176;52,40853543
177;53,74438416
178;53,03704847
179;52,70860918
180;50,27684379
181;53,61583035
182;52,15751769
183;52,54740787
184;53,90354972
185;53,12434834
186;52,7765184
187;54,33227417
188;53,0921714
189;53,78872324
190;52,80359692
191;50,93703652
192;52,98697867
193;52,86883436
194;52,8206016
195;53,3711516
196;53,26422001
197;51,41469253
198;51,72841346
199;52,13876195
200;53,84834426
Population 50;
Отбор лучших...;
Скрещивание...;
0;54,50534058
1;54,46554518
2;54,45334464
3;54,44873834
4;54,4263637
5;54,42437002
6;54,41964565
7;54,41340585
8;54,4037404
9;54,40354058
10;54,40020073
11;54,39195581
12;54,36450321
13;54,35997595
14;54,35631708
15;54,34651406
16;54,33601165
17;54,33227417
18;54,33216144
19;54,33129489
20;54,32218105
21;54,31911509
22;54,31601431
23;54,30161651
24;54,30014564
25;54,29472046
26;54,29229767
27;54,27964911
28;54,26974695
29;54,24870504
30;54,24133388
31;54,24069015
32;54,23308239
33;54,22944892
34;54,2276735
35;54,22521569
36;54,21489719
37;54,21489462
38;54,21072033
39;54,21065279
40;54,21057591
41;54,21014835
42;54,20854211
43;54,20819778
44;54,20415359
45;54,20297861
46;54,20270597
47;54,19276488
48;54,1874744
49;54,18342738
50;54,17925939
51;54,17773061
52;54,16160183
53;54,16031985
54;54,15572037
55;54,15286321
56;54,15157197
57;54,14782315
58;54,14742651
59;54,14372068
60;54,14358059
61;54,14349439
62;54,14266972
63;54,14174619
64;54,13959413
65;54,13928484
66;54,13789358
67;54,1348206
68;54,13371514
69;54,13328727
70;54,11448157
71;54,11209736
72;54,10963925
73;54,10367244
74;54,10180434
75;54,10086166
76;54,10079641
77;54,10002902
78;54,09649055
79;54,09577831
80;54,09572842
81;54,09519184
82;54,09471738
83;54,09224181
84;54,09189133
85;54,08909019
86;54,08415195
87;54,08345318
88;54,07546952
89;54,07169799
90;54,06523124
91;54,06429765
92;54,06068355
93;54,05915079
94;54,05749022
95;54,05701426
96;54,0567386
97;54,05641075
98;54,05007615
99;54,04724541
